,ratings,Bold,Tannic,Sweet,Alcohol content,contain_eggs,contain_milk,Type_dessert,Type_fortified,Type_red,Type_rose,Type_sparkling,Type_white
0,4.6,84.4692,46.3874,14.218,14.8,0,0,0,0,1,0,0,0
1,4.5,67.9982,37.0614,21.9157,13.5,0,0,0,0,1,0,0,0
2,4.5,41.6207,32.8475,20.1509,13.5890593,0,0,0,0,1,0,0,0
3,4.5,85,22.4368,49.5266,15,0,0,0,0,1,0,0,0
4,4.4,65.0652,35.3253,20.802,13.5,0,0,0,0,1,0,0,0
5,4.4,67.1404,62.0017,9.72542,14,1,0,0,0,1,0,0,0
6,4.4,81.4911,57.2118,12.0619,14.5,0,0,0,0,1,0,0,0
7,4.4,68.1796,36.5183,22.7018,14,0,0,0,0,1,0,0,0
8,4.4,68.3648,53.8302,15.7186,13.5890593,0,0,0,0,1,0,0,0
9,4.4,85,39.6723,14.9417,16.3,0,0,0,0,1,0,0,0
10,4.4,85,23.3871,47.6043,14.5,0,0,0,0,1,0,0,0
11,4.4,79.7858,60.8714,19.3772,16,0,0,0,0,1,0,0,0
12,4.4,85,44.1089,28.5649,15.5,0,0,0,0,1,0,0,0
13,4.4,70.1938,42.266,18.4378,15.5,0,0,0,0,1,0,0,0
14,4.4,85,51.7114,22.9634,15.5,0,0,0,0,1,0,0,0
15,4.4,85,51.5354,9.16033,14.8,0,0,0,0,1,0,0,0
16,4.4,77.6143,39.4543,5.47217,14.5,0,0,0,0,1,0,0,0
17,4.4,26.6951,21.0404,6.77065,14,0,0,0,0,1,0,0,0
18,4.4,40.5829,19.6504,8.17993,13.7,0,0,0,0,1,0,0,0
19,4.4,68.7298,48.0632,1.87603,13.5,0,0,0,0,1,0,0,0
20,4.4,50.958,17.5328,12.8464,14.7,0,0,0,0,1,0,0,0
21,4.4,85,51.5248,5.51668,13.5890593,0,0,0,0,1,0,0,0
22,4.4,85,45.5975,3.54624,13.5890593,0,0,0,0,1,0,0,0
23,4.4,42.2488,18.7233,5.2474,13.4,0,0,0,0,1,0,0,0
24,4.4,84.876,34.9458,8.29411,14.5,0,0,0,0,1,0,0,0
25,4.4,79.2499,51.9155,10.0422,15.5,0,0,0,0,1,0,0,0
26,4.4,82.8893,53.023,12.4791,14.9,0,0,0,0,1,0,0,0
27,4.4,85,25.7004,39.039,15.9,0,0,0,0,1,0,0,0
28,4.4,34.6832,17.5098,4.90792,13.5890593,0,0,0,0,1,0,0,0
29,4.4,74.2018,54.8326,5.5251,13.5,0,0,0,0,1,0,0,0
30,4.4,55.9987,12.0658,48.83179461,13.5890593,0,0,0,0,1,0,0,0
31,4.4,85,33.1298,30.4881,13.5890593,0,0,0,0,1,0,0,0
32,4.4,66.7936,42.4067,18.7515,13.5890593,0,0,0,0,1,0,0,0
33,4.4,62.5537,28.2852,28.2634,13.5890593,0,0,0,0,1,0,0,0
34,4.4,82.1743,80.3248,48.83179461,14.6,0,0,0,0,1,0,0,0
35,4.3,62.8257,57.8465,8.49429,14.5,1,1,0,0,1,0,0,0
36,4.3,66.8144,54.3473,7.67292,14.5,0,0,0,0,1,0,0,0
37,4.3,65.4293,55.796,14.6714,14.5,0,0,0,0,1,0,0,0
38,4.3,64.0847,59.93,6.04037,12.6,0,0,0,0,1,0,0,0
39,4.3,73.2011,43.6376,14.6929,14.5,0,0,0,0,1,0,0,0
40,4.3,85,46.1452,15.8558,14.5,0,0,0,0,1,0,0,0
41,4.3,74.409,47.373,13.5457,13.5890593,0,0,0,0,1,0,0,0
42,4.3,85,49.2119,8.45027,14.5,0,0,0,0,1,0,0,0
43,4.3,81.9404,56.9353,8.82963,13.5890593,0,0,0,0,1,0,0,0
44,4.3,79.5617,51.2274,17.4263,13.5,0,0,0,0,1,0,0,0
45,4.3,70.4249,35.2719,15.2255,14,0,0,0,0,1,0,0,0
46,4.3,67.4292,47.1936,10.9362,14.5,0,0,0,0,1,0,0,0
47,4.3,68.4786,64.4564,11.7958,15,0,0,0,0,1,0,0,0
48,4.3,72.5552,47.4763,13.8479,14.5,0,0,0,0,1,0,0,0
49,4.3,65.1814,48.4554,14.3613,13.5,0,0,0,0,1,0,0,0
50,4.3,58.4045,51.1745,9.17946,13.5890593,0,0,0,0,1,0,0,0
51,4.3,85,43.2479,15.9353,16,0,0,0,0,1,0,0,0
52,4.3,24.6846,19.8411,5.58003,13.5,0,0,0,0,1,0,0,0
53,4.3,47.8087,19.2723,12.2793,14.5,0,0,0,0,1,0,0,0
54,4.3,85,49.8771,6.84216,14.9,0,0,0,0,1,0,0,0
55,4.3,85,29.6653,30.3088,15.4,0,0,0,0,1,0,0,0
56,4.3,47.3441,43.2198,11.9863,14,0,0,0,0,1,0,0,0
57,4.3,85,50.5581,10.7422,14.5,0,0,0,0,1,0,0,0
58,4.3,45.8933,26.4946,0.666025,14.5,0,0,0,0,1,0,0,0
59,4.3,62.7952,44.9801,22.2335,13.5890593,0,0,0,0,1,0,0,0
60,4.3,84.2467,40.8778,21.7592,16,0,0,0,0,1,0,0,0
61,4.3,85,43.2479,15.9353,15,0,0,0,0,1,0,0,0
62,4.3,73.7494,74.9836,48.83179461,13,0,0,0,0,1,0,0,0
63,4.3,66.8967,47.6891,14.0412,14.5,0,0,0,0,1,0,0,0
64,4.3,85,26.6816,42.0051,15.9,0,0,0,0,1,0,0,0
65,4.3,48.3888,61.2988,10.7153,13.5890593,0,0,0,0,1,0,0,0
66,4.3,35.809,14.3452,15.589,13.5,0,0,0,0,1,0,0,0
67,4.3,75.414,42.664,8.91064,14.5,0,0,0,0,1,0,0,0
68,4.3,22.3918,19.5067,6.80089,13.1,0,0,0,0,1,0,0,0
69,4.3,85,52.6862,9.42777,14.5,0,0,0,0,1,0,0,0
70,4.3,85,37.2621,6.50561,14.5,0,0,0,0,1,0,0,0
71,4.3,84.1349,47.9028,29.2903,15.5,0,0,0,0,1,0,0,0
72,4.3,46.8191,62.7164,17.7944,13,0,0,0,0,1,0,0,0
73,4.3,75.6829,46.4819,13.6171,14.5,0,0,0,0,1,0,0,0
74,4.3,44.2024,19.7309,5.02366,14.5,0,0,0,0,1,0,0,0
75,4.3,85,29.5379,30.7572,15.2,0,0,0,0,1,0,0,0
76,4.3,46.2316,19.0195,9.38734,14.9,0,0,0,0,1,0,0,0
77,4.3,70.5078,52.9891,48.83179461,13.5890593,0,0,0,0,1,0,0,0
78,4.3,40.4002,18.3631,3.53661,14.1,0,0,0,0,1,0,0,0
79,4.3,47.6686,20.2755,10.112,14.9,0,0,0,0,1,0,0,0
80,4.3,44.8747,18.1844,7.53972,14.2,0,0,0,0,1,0,0,0
81,4.3,64.4035,58.2544,7.68422,14.5,0,0,0,0,1,0,0,0
82,4.3,22.3569,23.1406,1.09397,13.6,0,0,0,0,1,0,0,0
83,4.3,75.2529,59.8947,14.1171,14,0,0,0,0,1,0,0,0
84,4.3,76.3999,41.0941,17.9314,14,0,0,0,0,1,0,0,0
85,4.3,50.836,42.6191,8.1715,14,0,0,0,0,1,0,0,0
86,4.3,85,52.1343,8.61864,13.5890593,0,0,0,0,1,0,0,0
87,4.3,85,52.0092,9.71414,14.2,0,0,0,0,1,0,0,0
88,4.3,83.3962,52.7198,9.04593,14.5,0,0,0,0,1,0,0,0
89,4.3,21.1915,23.4232,12.2785,13.5890593,0,0,0,0,1,0,0,0
90,4.3,85,31.0654,27.0777,15.2,0,0,0,0,1,0,0,0
91,4.3,82.4214,43.1523,27.569,14.5,0,0,0,0,1,0,0,0
92,4.3,70.4775,54.8322,7.98098,15,0,0,0,0,1,0,0,0
93,4.3,85,50.5705,7.76341,15.2,0,0,0,0,1,0,0,0
94,4.3,78.1569,60.997,18.1243,14,0,0,0,0,1,0,0,0
95,4.3,48.0418,54.4396,2.90217,13.5890593,0,0,0,0,1,0,0,0
96,4.3,82.4406,47.739,10.7045,13.5890593,0,0,0,0,1,0,0,0
97,4.3,85,82.58,10.5463,15,0,0,0,0,1,0,0,0
98,4.3,46.9732,19.4801,9.63244,14.5,0,0,0,0,1,0,0,0
99,4.3,55.6656,53.0311,2.68162,13.5890593,0,0,0,0,1,0,0,0
100,4.3,85,56.4348,8.27236,13.5890593,0,0,0,0,1,0,0,0
101,4.3,85,28.5489,30.5355,15.7,0,0,0,0,1,0,0,0
102,4.3,47.2515,23.3893,6.35667,13.5,0,0,0,0,1,0,0,0
103,4.3,85,57.2356,12.5868,15.2,0,0,0,0,1,0,0,0
104,4.3,85,33.8422,27.8725,15.1,0,0,0,0,1,0,0,0
105,4.3,60.6743,48.4,15.2829,13.5890593,0,0,0,0,1,0,0,0
106,4.3,48.4013,22.5533,6.39382,14.3,0,0,0,0,1,0,0,0
107,4.3,68.595,27.9675,29.5975,13.5890593,0,0,0,0,1,0,0,0
108,4.3,67.8188,67.829,4.67379,14.2,0,0,0,0,1,0,0,0
109,4.3,67.0552,55.6163,48.83179461,13.5890593,0,0,0,0,1,0,0,0
110,4.3,21.8186,24.6031,48.83179461,13.5890593,0,0,0,0,1,0,0,0
111,4.3,79.25,65.25,48.83179461,13.5890593,0,0,0,0,1,0,0,0
112,4.3,73.5688,46.4955,10.7396,14,1,1,0,0,1,0,0,0
113,4.3,26.8654,23.9405,0.683893,13.5890593,0,0,0,0,1,0,0,0
114,4.3,47.0257,22.3542,7.95382,14.1,0,0,0,0,1,0,0,0
115,4.3,85,33.0743,27.126,14.8,0,0,0,0,1,0,0,0
116,4.3,70.3869,39.5185,12.7489,13.5890593,0,0,0,0,1,0,0,0
117,4.3,81.4481,66.4576,6.66509,13,0,0,0,0,1,0,0,0
118,4.3,16.6284,12.9358,48.83179461,13.5,0,0,0,0,1,0,0,0
119,4.3,75.5541,54.8441,1.86408,14.3,0,0,0,0,1,0,0,0
120,4.3,42.4699,19.4568,8.81191,13.5890593,0,0,0,0,1,0,0,0
121,4.3,22.0735,18.1665,4.07433,13.5890593,0,0,0,0,1,0,0,0
122,4.3,30.6645,31.7599,0.697368,13.5890593,0,0,0,0,1,0,0,0
123,4.3,22.937,18.1589,4.87625,13.5890593,0,0,0,0,1,0,0,0
124,4.3,85,51.2655,7.37909,14.2,0,0,0,0,1,0,0,0
125,4.3,78.3759,52.165,10.5357,14.6,0,0,0,0,1,0,0,0
126,4.2,73.2011,43.6376,14.6929,14,1,1,0,0,1,0,0,0
127,4.2,64.0624,59.3117,9.15037,14,1,1,0,0,1,0,0,0
128,4.2,64.9128,54.3789,10.5808,14.5,0,0,0,0,1,0,0,0
129,4.2,67.108,34.9824,29.5965,14,0,0,0,0,1,0,0,0
130,4.2,71.4144,46.0373,14.7998,13.5890593,0,0,0,0,1,0,0,0
131,4.2,66.7323,62.8084,9.60491,14.5,1,1,0,0,1,0,0,0
132,4.2,64.3576,31.7413,19.0605,14,0,0,0,0,1,0,0,0
133,4.2,65.4293,55.796,14.6714,14.5,0,0,0,0,1,0,0,0
134,4.2,64.2986,59.9462,9.41513,14.5,1,0,0,0,1,0,0,0
135,4.2,70.1938,42.266,18.4378,16.5,0,0,0,0,1,0,0,0
136,4.2,85,46.7082,12.7123,15.2,0,0,0,0,1,0,0,0
137,4.2,85,52.1343,8.61864,14.9,0,0,0,0,1,0,0,0
138,4.2,2.23638,12.0331,8.01981,13.5,0,0,0,0,1,0,0,0
139,4.2,67.9179,61.9328,5.32722,14.5,0,0,0,0,1,0,0,0
140,4.2,73.5874,54.9532,6.97313,14.5,0,0,0,0,1,0,0,0
141,4.2,85,50.434,8.34021,13.5890593,0,0,0,0,1,0,0,0
142,4.2,72.3415,47.7681,20.8847,15.5,0,0,0,0,1,0,0,0
143,4.2,63.2686,62.3454,9.89065,13.6,0,0,0,0,1,0,0,0
144,4.2,85,47.8384,8.54873,15,0,0,0,0,1,0,0,0
145,4.2,66.9116,38.9913,15.4453,13.5890593,0,0,0,0,1,0,0,0
146,4.2,85,50.9975,27.6254,17,0,0,0,0,1,0,0,0
147,4.2,67.4028,57.7799,5.59199,14,0,0,0,0,1,0,0,0
148,4.2,85,52.6478,11.9465,16.1,0,0,0,0,1,0,0,0
149,4.2,85,54.4625,6.08684,14.5,0,0,0,0,1,0,0,0
150,4.2,79.7848,55.5955,14.2627,14,0,0,0,0,1,0,0,0
151,4.2,85,39.3305,12.8275,16,0,0,0,0,1,0,0,0
152,4.2,85,24.487,46.5827,15.5,0,0,0,0,1,0,0,0
153,4.2,85,50.482,11.6235,14.5,0,0,0,0,1,0,0,0
154,4.2,76.3334,52.9104,14.0238,14.5,0,0,0,0,1,0,0,0
155,4.2,85,30.2084,30.9775,15.5,0,0,0,0,1,0,0,0
156,4.2,72.6473,45.6967,13.2431,14.2,0,0,0,0,1,0,0,0
157,4.2,63.9503,56.2522,9.09711,14,0,0,0,0,1,0,0,0
158,4.2,72.3415,47.7681,20.8847,15,0,0,0,0,1,0,0,0
159,4.2,82.8893,53.023,12.4791,14.7,0,0,0,0,1,0,0,0
160,4.2,50.6901,25.577,6.77921,13.5890593,0,0,0,0,1,0,0,0
161,4.2,64.3576,31.7413,19.0605,14,0,0,0,0,1,0,0,0
162,4.2,84.0596,49.9861,10.8877,14.5,0,0,0,0,1,0,0,0
163,4.2,65.1301,77.0731,3.94467,14.5,0,0,0,0,1,0,0,0
164,4.2,85,28.2093,32.0877,15.5,0,0,0,0,1,0,0,0
165,4.2,68.6209,53.745,12.5232,15,0,0,0,0,1,0,0,0
166,4.2,67.9772,58.4935,11.0644,15,0,0,0,0,1,0,0,0
167,4.2,85,54.5859,9.67214,15,0,0,0,0,1,0,0,0
168,4.2,85,54.8568,6.21135,14.1,0,0,0,0,1,0,0,0
169,4.2,64.6425,45.602,12.6534,14,0,0,0,0,1,0,0,0
170,4.2,67.9179,61.9328,5.32722,14.7,0,0,0,0,1,0,0,0
171,4.2,45.4623,19.2628,11.0511,14.5,0,0,0,0,1,0,0,0
172,4.2,62.7745,58.9735,15.1546,15.5,0,0,0,0,1,0,0,0
173,4.2,83.8075,37.6985,4.23127,14.5,0,0,0,0,1,0,0,0
174,4.2,85,50.1973,6.27737,13.5890593,0,0,0,0,1,0,0,0
175,4.2,66.3204,54.3967,7.75899,14.5,0,0,0,0,1,0,0,0
176,4.2,52.3456,62.877,9.03696,13.5890593,0,0,0,0,1,0,0,0
177,4.2,79.6077,53.6491,12.5929,14.1,0,0,0,0,1,0,0,0
178,4.2,85,28.1831,30.5108,14.8,0,0,0,0,1,0,0,0
179,4.2,66.2786,53.7413,10.2348,14,0,0,0,0,1,0,0,0
180,4.2,65.1814,48.4554,14.3613,13.5,0,0,0,0,1,0,0,0
181,4.2,83.9276,49.5942,13.7736,15.5,0,0,0,0,1,0,0,0
182,4.2,85,23.4068,48.4292,15,0,0,0,0,1,0,0,0
183,4.2,72.387,48.3866,13.4888,13.5890593,0,0,0,0,1,0,0,0
184,4.2,48.0418,54.4396,2.90217,14.5,0,0,0,0,1,0,0,0
185,4.2,65.7507,52.0107,9.62814,14,0,0,0,0,1,0,0,0
186,4.2,52.3456,62.877,9.03696,14,0,0,0,0,1,0,0,0
187,4.2,85,48.3756,1.59372,14.5,0,0,0,0,1,0,0,0
188,4.2,67.9772,58.4935,11.0644,14.5,0,0,0,0,1,0,0,0
189,4.2,32.2702,32.1085,48.83179461,13.5,0,0,0,0,1,0,0,0
190,4.2,52.0379,41.5244,4.41079,15,0,0,0,0,1,0,0,0
191,4.2,85,48.8961,9.83775,14.6,0,0,0,0,1,0,0,0
192,4.2,74.3808,75.3124,5.75426,14.5,0,0,0,0,1,0,0,0
193,4.2,64.7267,51.9876,12.2312,14.5,0,0,0,0,1,0,0,0
194,4.2,23.0071,19.7331,4.12531,13.5890593,0,0,0,0,1,0,0,0
195,4.2,85,28.1831,30.5108,14.8,0,0,0,0,1,0,0,0
196,4.2,64.4898,55.9605,10.4739,13.5890593,0,0,0,0,1,0,0,0
197,4.2,69.448,53.4236,4.24226,14.1,0,0,0,0,1,0,0,0
198,4.2,85,49.713,5.88839,13.5890593,0,0,0,0,1,0,0,0
199,4.2,85,50.0136,5.82741,14.8,0,0,0,0,1,0,0,0
200,4.2,52.721,48.5547,10.5557,14,0,0,0,0,1,0,0,0
201,4.2,85,31.4117,30.7738,15.6,1,1,0,0,1,0,0,0
202,4.2,65.1397,21.914,39.091,13.5,0,0,0,0,1,0,0,0
203,4.2,64.8697,48.8427,6.6633,13.5,1,0,0,0,1,0,0,0
204,4.2,47.8528,54.7926,6.12142,14.5,0,0,0,0,1,0,0,0
205,4.2,23.1867,19.8648,1.60914,13.6,0,0,0,0,1,0,0,0
206,4.2,69.1288,26.9163,40.2613,16.5,1,1,0,0,1,0,0,0
207,4.2,85,54.6811,2.08841,14.2,0,0,0,0,1,0,0,0
208,4.2,83.9447,50.7505,9.12591,14.5,0,0,0,0,1,0,0,0
209,4.2,46.2685,36.8641,2.37768,13.5890593,0,0,0,0,1,0,0,0
210,4.2,85,45.6795,7.28627,13.5890593,0,0,0,0,1,0,0,0
211,4.2,82.9554,47.9038,7.43299,13.5890593,0,0,0,0,1,0,0,0
212,4.2,85,40.623,4.63921,15,0,0,0,0,1,0,0,0
213,4.2,85,49.3398,4.73323,14.7,0,0,0,0,1,0,0,0
214,4.2,85,62.1209,6.07009,14.5,0,0,0,0,1,0,0,0
215,4.2,66.5106,50.619,4.40228,13.5890593,0,0,0,0,1,0,0,0
216,4.2,66.3052,50.1698,6.75598,14.5,0,0,0,0,1,0,0,0
217,4.2,22.0506,21.1107,2.85558,13.8,0,0,0,0,1,0,0,0
218,4.2,68.6646,21.2725,20.8111,15.2,0,0,0,0,1,0,0,0
219,4.2,67.0442,49.2991,10.7014,14.5,0,0,0,0,1,0,0,0
220,4.2,64.5061,28.7472,18.0403,14.8,0,0,0,0,1,0,0,0
221,4.2,67.5597,37.558,6.49526,15,0,0,0,0,1,0,0,0
222,4.2,82.3718,48.2414,6.95516,14.5,0,0,0,0,1,0,0,0
223,4.2,82.7321,51.9341,15.0096,14.5,0,0,0,0,1,0,0,0
224,4.2,79.5246,42.8487,24.0762,13.5890593,0,0,0,0,1,0,0,0
225,4.2,85,52.5736,8.37039,14.5,0,0,0,0,1,0,0,0
226,4.2,23.0765,21.4274,4.13718,13,0,0,0,0,1,0,0,0
227,4.2,85,55.9639,6.44639,15,0,0,0,0,1,0,0,0
228,4.2,43.0866,18.5555,4.57375,13.5,0,0,0,0,1,0,0,0
229,4.2,85,46.1452,15.8558,14.5,0,0,0,0,1,0,0,0
230,4.2,66.4278,48.2576,3.84416,14.5,0,0,0,0,1,0,0,0
231,4.2,85,56.75,7.31125,14.5,0,0,0,0,1,0,0,0
232,4.2,40.8249,20.5361,4.52643,12.9,0,0,0,0,1,0,0,0
233,4.2,79.111,50.5925,11.8042,14.8,0,0,0,0,1,0,0,0
234,4.2,85,55.0703,7.0079,14.6,0,0,0,0,1,0,0,0
235,4.2,50.554,39.3155,8.48739,14,0,0,0,0,1,0,0,0
236,4.2,63.5602,47.2757,3.38483,13.5890593,0,0,0,0,1,0,0,0
237,4.2,63.2686,62.3454,9.89065,14,0,0,0,0,1,0,0,0
238,4.2,85,51.6883,8.32987,14.8,0,0,0,0,1,0,0,0
239,4.2,41.7807,21.4548,9.74255,14.5,0,0,0,0,1,0,0,0
240,4.2,57.2695,76.3036,48.83179461,13.5890593,0,0,0,0,1,0,0,0
241,4.2,75.0773,39.9448,10.9725,14,0,0,0,0,1,0,0,0
242,4.2,85,31.0654,27.0777,15.5,0,0,0,0,1,0,0,0
243,4.2,84.3626,52.8691,10.9727,13.5890593,0,0,0,0,1,0,0,0
244,4.2,22.4794,20.5011,4.24868,13.5,0,0,0,0,1,0,0,0
245,4.2,31.3042,19.7467,3.20834,13.5890593,0,0,0,0,1,0,0,0
246,4.2,48.506,40.9664,8.59994,13.5890593,0,0,0,0,1,0,0,0
247,4.2,85,47.8384,8.54873,14.9,0,0,0,0,1,0,0,0
248,4.2,85,54.4104,10.7395,14.3,0,0,0,0,1,0,0,0
249,4.2,85,28.6919,28.5096,14.9,0,0,0,0,1,0,0,0
250,4.2,66.8766,23.7851,17.0432,14.2,0,0,0,0,1,0,0,0
251,4.2,63.4502,46.0316,48.83179461,13.5890593,0,0,0,0,1,0,0,0
252,4.2,47.3441,43.2198,11.9863,13.5890593,0,0,0,0,1,0,0,0
253,4.2,79.4198,51.8302,3.24704,13.5890593,0,0,0,0,1,0,0,0
254,4.2,85,56.3592,10.3292,14.5,0,0,0,0,1,0,0,0
255,4.2,61.4075,42.5158,18.505,13.5890593,0,0,0,0,1,0,0,0
256,4.2,75.0208,62.2756,15.9258,13.5890593,0,0,0,0,1,0,0,0
257,4.2,54.4539,45.3762,2.31846,13.5890593,0,0,0,0,1,0,0,0
258,4.2,52.2769,42.5301,5.05025,14.5,0,0,0,0,1,0,0,0
259,4.2,47.7672,36.4507,7.30046,13.5890593,0,0,0,0,1,0,0,0
260,4.2,47.8293,16.2279,20.768,14.1,0,0,0,0,1,0,0,0
261,4.2,73.5688,46.4955,10.7396,14,1,1,0,0,1,0,0,0
262,4.2,85,51.3237,12.6812,15,0,0,0,0,1,0,0,0
263,4.2,83.4256,34.4333,4.69029,13.5890593,0,0,0,0,1,0,0,0
264,4.2,66.1456,33.927,18.7912,14,0,0,0,0,1,0,0,0
265,4.2,65.6186,59.8326,10.7237,14.5,0,0,0,0,1,0,0,0
266,4.2,43.849,44.669,11.1129,14.5,0,0,0,0,1,0,0,0
267,4.2,85,50.0136,5.82741,14.6,0,0,0,0,1,0,0,0
268,4.2,19.7787,18.5258,7.79554,13.5,0,0,0,0,1,0,0,0
269,4.2,67.9149,54.0748,4.57482,14.1,0,0,0,0,1,0,0,0
270,4.2,54.761,24.0016,5.91402,13.5,0,0,0,0,1,0,0,0
271,4.2,78.1672,76.8356,3.05559,13.5890593,0,0,0,0,1,0,0,0
272,4.2,39.0031,23.1594,2.21658,13.5,0,0,0,0,1,0,0,0
273,4.2,39.4887,16.0615,6.72282,14,0,0,0,0,1,0,0,0
274,4.2,43.4135,20.5213,3.75678,13.5890593,0,0,0,0,1,0,0,0
275,4.2,85,33.4012,29.1874,14.5,0,0,0,0,1,0,0,0
276,4.2,85,28.7797,36.9814,15.7,0,0,0,0,1,0,0,0
277,4.2,37.9106,21.3087,1.62939,14.5,0,0,0,0,1,0,0,0
278,4.2,33.0805,25.6033,11.3335,13.5,0,0,0,0,1,0,0,0
279,4.2,41.0271,28.7044,7.6678,13.8,0,0,0,0,1,0,0,0
280,4.2,48.517,39.804,7.1972,13.5890593,0,0,0,0,1,0,0,0
281,4.2,85,54.8123,11.9819,14.9,0,0,0,0,1,0,0,0
282,4.2,85,59.0402,0.565963,13.5890593,0,0,0,0,1,0,0,0
283,4.2,48.2888,22.1288,17.819,15,0,0,0,0,1,0,0,0
284,4.2,85,53.6813,6.12491,14.7,0,0,0,0,1,0,0,0
285,4.2,85,38.0199,30.7232,13.5,0,0,0,0,1,0,0,0
286,4.2,85,51.5448,16.6939,13.9,0,0,0,0,1,0,0,0
287,4.2,61.9529,38.0766,14.6648,14.3,0,0,0,0,1,0,0,0
288,4.2,85,52.0428,10.7224,15,0,0,0,0,1,0,0,0
289,4.2,22.372,21.681,6.35599,13.5890593,0,0,0,0,1,0,0,0
290,4.2,77.0961,57.3589,5.625,13.5890593,0,0,0,0,1,0,0,0
291,4.2,85,53.8572,13.5007,13.5890593,0,0,0,0,1,0,0,0
292,4.2,66.5214,56.7599,5.14499,13.5,0,0,0,0,1,0,0,0
293,4.2,42.727,17.4674,4.79413,14.5,0,0,0,0,1,0,0,0
294,4.2,67.1675,53.399,17.061,13.5890593,0,0,0,0,1,0,0,0
295,4.2,85,58.2207,3.22068,14.2,0,0,0,0,1,0,0,0
296,4.2,85,65.264,23.1939,13.5890593,0,0,0,0,1,0,0,0
297,4.2,85,51.9979,11.7713,14.6,0,0,0,0,1,0,0,0
298,4.2,84.1939,28.6043,30.9532,14.6,0,0,0,0,1,0,0,0
299,4.2,42.1545,19.6907,7.77956,14,0,0,0,0,1,0,0,0
300,4.2,85,48.809,6.556,13.5890593,0,0,0,0,1,0,0,0
301,4.2,47.7751,17.794,6.73023,14.2,0,0,0,0,1,0,0,0
302,4.2,44.427,50.1248,22.9969,13.5,0,0,0,0,1,0,0,0
303,4.2,29.172,3.64516,48.83179461,12.8,0,0,0,0,1,0,0,0
304,4.2,61.3773,16.7283,24.3213,13.5890593,0,0,0,0,1,0,0,0
305,4.2,85,52.4429,48.83179461,13.5890593,0,0,0,0,1,0,0,0
306,4.2,24.3899,22.2436,2.49213,13.3,0,0,0,0,1,0,0,0
307,4.2,21.8087,19.3888,3.48669,14.2,0,0,0,0,1,0,0,0
308,4.2,24.5146,18.8488,7.04082,13.5890593,0,0,0,0,1,0,0,0
309,4.2,85,48.9773,2.84091,13.5890593,0,0,0,0,1,0,0,0
310,4.2,85,29.6653,30.3088,15.9,0,0,0,0,1,0,0,0
311,4.2,47.8266,20.9683,4.47888,14.5,0,0,0,0,1,0,0,0
312,4.2,73.1747,37.3141,14.355,13.5890593,0,0,0,0,1,0,0,0
313,4.2,67.9109,44.6301,48.83179461,14.5,0,0,0,0,1,0,0,0
314,4.2,85,29.8072,31.6036,16.1,0,0,0,0,1,0,0,0
315,4.1,85,29.4637,30.0338,13.5890593,0,0,0,0,1,0,0,0
316,4.2,85,52.6847,10.8574,14.7,0,0,0,0,1,0,0,0
317,4.2,32.1396,24.2683,5.42425,12.5,0,0,0,0,1,0,0,0
318,4.2,85,39.8605,32.1463,14.5,0,0,0,0,1,0,0,0
319,4.2,84.693,56.0023,9.01651,13.5890593,0,0,0,0,1,0,0,0
320,4.2,66.1973,56.5019,15.7076,15,0,0,0,0,1,0,0,0
321,4.2,76.9864,54.203,48.83179461,13.5,0,0,0,0,1,0,0,0
322,4.2,85,56.8046,0.0556125,13.5890593,0,0,0,0,1,0,0,0
323,4.2,66.9448,59.8453,13.1819,14.5,0,0,0,0,1,0,0,0
324,4.2,72.0367,69.5965,11.3166,13.5890593,0,0,0,0,1,0,0,0
325,4.2,65.7032,49.6449,5.31279,14.5,0,0,0,0,1,0,0,0
326,4.2,67.9179,61.9328,5.32722,15.1,0,0,0,0,1,0,0,0
327,4.2,83.6402,33.462,27.4916,15.4,0,0,0,0,1,0,0,0
328,4.2,81.2482,77.5396,10.4838,13.5890593,0,0,0,0,1,0,0,0
329,4.2,70.696,62.7248,15.6426,15.4,0,0,0,0,1,0,0,0
330,4.2,51.114,57.9827,2.10512,13.5890593,0,0,0,0,1,0,0,0
331,4.2,80.3852,75.8023,8.83926,14.8,0,0,0,0,1,0,0,0
332,4.2,19.6237,19.4848,48.83179461,13.5890593,0,0,0,0,1,0,0,0
333,4.2,47.2486,57.7168,1.8981,13.5890593,0,0,0,0,1,0,0,0
334,4.2,25.1899,19.4644,7.52282,13.3,0,0,0,0,1,0,0,0
335,4.2,53.6385,54.0267,7.13066,14,0,0,0,0,1,0,0,0
336,4.2,43.5652,22.3882,9.40507,14.2,0,0,0,0,1,0,0,0
337,4.2,46.2004,14.6723,1.9986,13.5,0,0,0,0,1,0,0,0
338,4.2,64.3843,27.1879,18.5235,13.5890593,0,0,0,0,1,0,0,0
339,4.2,85,54.7709,9.31602,15.1,0,0,0,0,1,0,0,0
340,4.2,85,29.5656,32.9096,13.5890593,0,0,0,0,1,0,0,0
341,4.2,40.2349,17.8094,8.19226,14.5,0,0,0,0,1,0,0,0
342,4.2,29.9782,35.1784,1.37621,13.5890593,0,0,0,0,1,0,0,0
343,4.5,67.4333,82.8333,79.9333,13.5890593,0,0,0,0,0,0,1,0
344,4.4,63.6818,49.6591,66.7841,13.5890593,0,0,0,0,0,0,1,0
345,4.3,29.8641,32.0423,48.83179461,5.5,0,0,0,0,0,0,1,0
346,4.3,29.7265,32.794,48.83179461,5,0,0,0,0,0,0,1,0
347,4.3,29.7265,32.794,48.83179461,5,0,0,0,0,0,0,1,0
348,4.3,21.5187,65.7139,69.2861,11.5,0,0,0,0,0,0,1,0
349,4.3,47.5287,79.1844,85,13.5890593,0,0,0,0,0,0,1,0
350,4.3,30.9726,33.43,48.83179461,5.5,0,0,0,0,0,0,1,0
351,4.2,62.7755,53.0653,65.7413,12.2,0,0,0,0,0,0,1,0
352,4.2,65.2762,79.6888,79.8454,12,0,0,0,0,0,0,1,0
353,4.2,30.4039,34.4691,48.83179461,5,0,0,0,0,0,0,1,0
354,4.2,68.2418,82.1091,85,12,0,0,0,0,0,0,1,0
355,4.2,62.7755,53.0653,65.7413,12,0,0,0,0,0,0,1,0
356,4.2,63.0616,52.3945,65.6749,12.8,0,0,0,0,0,0,1,0
357,4.2,30.1413,34.3466,48.83179461,13.5890593,0,0,0,0,0,0,1,0
358,4.2,52.6216,59.0973,65.1787,13.5890593,0,0,0,0,0,0,1,0
359,4.2,31.0482,33.1677,48.83179461,13.5890593,0,0,0,0,0,0,1,0
360,4.2,32.6058,35.1628,48.83179461,5,0,0,0,0,0,0,1,0
361,4.2,61.8759,51.8923,65.8923,12.6,0,0,0,0,0,0,1,0
362,4.2,30.0434,32.5818,48.83179461,13.5890593,0,0,0,0,0,0,1,0
363,4.1,30.059,31.4639,48.83179461,5.5,0,0,0,0,0,0,1,0
364,4.1,48.2952,59.4258,65.0938,12.5,0,0,0,0,0,0,1,0
365,4.1,61.4109,52.4862,66.2822,12.5,0,0,0,0,0,0,1,0
366,4.1,40.6945,46.6545,64.7877,7,0,0,0,0,0,0,1,0
367,4.1,50.663,56.5386,65.6184,12,0,0,0,0,0,0,1,0
368,4.1,65.3992,52.4425,67.0332,13,0,0,0,0,0,0,1,0
369,4.1,30.6362,36.7638,48.83179461,5,0,0,0,0,0,0,1,0
370,4.1,30.9097,34.336,48.83179461,6,0,0,0,0,0,0,1,0
371,4.1,54.0722,53.2899,64.7363,6,0,0,0,0,0,0,1,0
372,4.1,60.347,50.1875,65.1755,12.5,0,0,0,0,0,0,1,0
373,4.1,43.5068,54.6667,59.0402,11,0,0,0,0,0,0,1,0
374,4.1,52.7031,61.2684,61.5143,13.5890593,0,0,0,0,0,0,1,0
375,4.1,48.1462,51.9276,60.8825,12.5,0,0,0,0,0,0,1,0
376,4.1,50.7462,56.0305,65.5563,12,0,0,0,0,0,0,1,0
377,4.1,63.6322,51.6189,66.1284,13.5890593,0,0,0,0,0,0,1,0
378,4.1,63.0616,52.3945,65.6749,13.5890593,0,0,0,0,0,0,1,0
379,4.1,47.0595,57.5077,65.2203,12,0,0,0,0,0,0,1,0
380,4.1,50.7807,57.4427,66.3897,13.5890593,0,0,0,0,0,0,1,0
381,4.1,78.2218,85,85,13.5890593,0,0,0,0,0,0,1,0
382,4.1,48.2772,59.0337,64.8109,12,0,0,0,0,0,0,1,0
383,4.1,51.7892,58.4217,66.9933,13.5890593,0,0,0,0,0,0,1,0
384,4.1,41.3959,59.5949,65.0756,13.5890593,0,0,0,0,0,0,1,0
385,4.1,67.6144,49.3517,67.0424,13.5890593,0,0,0,0,0,0,1,0
386,4.1,30.5717,35.7645,48.83179461,5,0,0,0,0,0,0,1,0
387,4.1,29.3043,66.3623,60.4674,13.5890593,0,0,0,0,0,0,1,0
388,4.1,63.0616,52.3945,65.6749,13.5890593,0,0,0,0,0,0,1,0
389,4,23.4122,54.9582,60.1998,11.5,1,1,0,0,0,0,1,0
390,4,49.9378,56.4736,66.931,12,1,1,0,0,0,0,1,0
391,4,61.4562,72.7838,73.0649,12,0,0,0,0,0,0,1,0
392,4,64.3138,50.6971,68.3975,12.8,0,0,0,0,0,0,1,0
393,4,60.0719,74.1341,74.6721,12,0,0,0,0,0,0,1,0
394,4,41.7589,56.9369,60.3919,12,0,0,0,0,0,0,1,0
395,4,61.8626,76.1907,77.1789,13.5890593,0,0,0,0,0,0,1,0
396,4,55.3287,58.9459,64.8092,12.5,0,0,0,0,0,0,1,0
397,4,62.4038,52.1722,65.9741,12.5,0,0,0,0,0,0,1,0
398,4,63.6359,49.1558,63.3076,12.5,0,0,0,0,0,0,1,0
399,4,57.0651,48.3608,60.666,12.5,0,0,0,0,0,0,1,0
400,4,64.9805,80.0992,75.753,12,0,0,0,0,0,0,1,0
401,4,60.3635,78.1105,77.3458,13.5890593,0,0,0,0,0,0,1,0
402,4,17.5,67.4654,67.0403,11,0,0,0,0,0,0,1,0
403,4,52.1974,58.0362,66.3322,12,0,0,0,0,0,0,1,0
404,4,47.65,59.62,63.3,13,0,0,0,0,0,0,1,0
405,4,52.7844,49.1114,55.3436,12.2,0,0,0,0,0,0,1,0
406,4,31.8056,57.6142,72.0154,11,0,0,0,0,0,0,1,0
407,4,42.5738,55.2098,68.5219,13.5890593,0,0,0,0,0,0,1,0
408,4,18.6285,60.6769,62.7544,11,0,0,0,0,0,0,1,0
409,4,23.7165,60.1953,64.2625,11,0,0,0,0,0,0,1,0
410,4,55,59.2912,67.5,13.5890593,0,0,0,0,0,0,1,0
411,4,20.235,64.6049,62.6907,11.5,0,0,0,0,0,0,1,0
412,4,41.3959,59.5949,65.0756,11.5,0,0,0,0,0,0,1,0
413,4,41.3114,56.777,65.3114,12,0,0,0,0,0,0,1,0
414,4,24.0742,60.0916,63.6987,11,0,0,0,0,0,0,1,0
415,4,20.6054,60.535,62.7217,12,0,0,0,0,0,0,1,0
416,4,53.1905,53.4167,65.2381,13.5890593,0,0,0,0,0,0,1,0
417,4,55.1762,56.2992,67.7746,13.5890593,0,0,0,0,0,0,1,0
418,4,53.1917,60.3167,64.0367,12,0,0,0,0,0,0,1,0
419,4,24.5791,55.7824,58.9706,11,0,0,0,0,0,0,1,0
420,4,17.5,66.1349,68.6945,13.5890593,0,0,0,0,0,0,1,0
421,4,22.0062,64.3122,69.2064,11.5,0,0,0,0,0,0,1,0
422,4,55,46.465,67.5,12,0,0,0,0,0,0,1,0
423,4,42.0368,60.2704,61.0635,13.5890593,0,0,0,0,0,0,1,0
424,4,16.9318,67.7955,65.7955,11.5,0,0,0,0,0,0,1,0
425,4,48.4568,58.8501,61.7528,12,0,0,0,0,0,0,1,0
426,4,64.0902,50.5593,65.7376,13.5890593,0,0,0,0,0,0,1,0
427,3.9,59.939,72.4368,74.4035,12.5,0,0,0,0,0,0,1,0
428,3.9,64.0824,77.1239,76.5188,12,1,1,0,0,0,0,1,0
429,3.9,58.9664,72.7728,74.0174,12,0,0,0,0,0,0,1,0
430,3.9,61.0557,72.378,73.1428,12,0,0,0,0,0,0,1,0
431,3.9,61.2865,52.193,65.0146,12.5,1,0,0,0,0,0,1,0
432,3.9,61.2036,46.4633,63.814,12.5,0,0,0,0,0,0,1,0
433,3.9,22.505,59.5698,60.3512,13.5890593,0,0,0,0,0,0,1,0
434,3.9,51.0379,56.9766,66.853,12,0,0,0,0,0,0,1,0
435,3.9,66.8221,78.6248,81.0458,12,0,0,0,0,0,0,1,0
436,3.9,51.2306,57.2567,63.4057,12.5,0,0,0,0,0,0,1,0
437,3.9,67.2439,44.1529,66.301,11,0,0,0,0,0,0,1,0
438,3.9,40.279,44.4721,64.3906,7,0,0,0,0,0,0,1,0
439,3.9,51.2916,60.089,67.2264,12,0,0,0,0,0,0,1,0
440,3.9,49.8491,62.1655,66.0618,12,0,0,0,0,0,0,1,0
441,3.9,66.0313,75.467,76.207,12.5,1,1,0,0,0,0,1,0
442,3.9,42.4519,52.0899,62.5332,12,0,0,0,0,0,0,1,0
443,3.9,22.5382,59.1227,63.671,13.5890593,0,0,0,0,0,0,1,0
444,3.9,48.4516,53.7797,62.4885,12,0,0,0,0,0,0,1,0
445,3.9,51.0701,53.3112,62.3291,12.5,0,0,0,0,0,0,1,0
446,3.9,19.2315,69.1862,68.404,12,0,0,0,0,0,0,1,0
447,3.9,64.5737,50.9686,67.2749,12.5,0,0,0,0,0,0,1,0
448,3.9,17.463,68.1723,67.6049,13.5890593,0,0,0,0,0,0,1,0
449,3.9,16.8057,66.1456,66.6077,11,0,0,0,0,0,0,1,0
450,3.9,19.1273,62.8914,66.1051,11,0,0,0,0,0,0,1,0
451,3.9,21.5814,58.1971,63.8108,11,0,0,0,0,0,0,1,0
452,3.9,65.9608,50.1831,68.1667,12,0,0,0,0,0,0,1,0
453,3.9,57.4421,53.0368,65.3447,12,0,0,0,0,0,0,1,0
454,3.9,38.1674,48.9011,57.1817,11.5,0,0,0,0,0,0,1,0
455,3.9,19.8775,65.1226,63.2206,13.5890593,0,0,0,0,0,0,1,0
456,3.9,60.882,82.336,68.3,13.5890593,0,0,0,0,0,0,1,0
457,3.9,23.1445,55.2285,66.8451,11,1,0,0,0,0,0,1,0
458,3.9,20.7756,62.5441,59.9614,13.5890593,0,0,0,0,0,0,1,0
459,3.9,20.1387,68.4118,67.084,13.5890593,0,0,0,0,0,0,1,0
460,3.9,16.2912,64.6547,67.8454,13.5890593,0,0,0,0,0,0,1,0
461,3.9,51.2875,59.6875,65.8875,13.5890593,0,0,0,0,0,0,1,0
462,3.9,24.5784,58.7712,57.907,11.5,0,0,0,0,0,0,1,0
463,3.9,39.3464,54.0367,66.1636,11.5,0,0,0,0,0,0,1,0
464,3.9,16.75,70.6875,63.75,11,0,0,0,0,0,0,1,0
465,3.9,59.2024,48.7738,61.6309,12.5,0,0,0,0,0,0,1,0
466,3.9,64.1358,53.7201,68.5426,11,0,0,0,0,0,0,1,0
467,3.9,53.7591,57.3874,63.5639,13.5890593,0,0,0,0,0,0,1,0
468,3.9,22.0306,60.5153,71.4643,13.5890593,0,0,0,0,0,0,1,0
469,3.9,60.7998,57.585,69.3106,13.5890593,0,0,0,0,0,0,1,0
470,3.9,28.3314,35.1061,48.83179461,5,0,0,0,0,0,0,1,0
471,3.9,67.5,42.5,67.5,12,0,0,0,0,0,0,1,0
472,3.8,18.4058,66.815,66.1931,11,0,0,0,0,0,0,1,0
473,3.8,7.63488,20.6069,30.9873,7.5,0,0,0,0,0,0,1,0
474,3.8,58.1996,73.4987,74.2269,12,0,0,0,0,0,0,1,0
475,3.8,47.53,55.2303,63.4747,12,0,0,0,0,0,0,1,0
476,3.8,21.4846,63.2664,64.7606,11,0,0,0,0,0,0,1,0
477,3.8,62.1121,50.0346,63.2167,12.5,0,0,0,0,0,0,1,0
478,3.8,62.4254,74.639,75.729,12.5,0,0,0,0,0,0,1,0
479,3.8,63.5302,73.2852,74.7825,12,0,0,0,0,0,0,1,0
480,3.8,48.7928,55.9932,64.0239,12,0,0,0,0,0,0,1,0
481,3.8,4.98336,21.1563,30.1524,7.5,0,0,0,0,0,0,1,0
482,3.8,41.1924,43.6378,65.9798,7,0,0,0,0,0,0,1,0
483,3.8,21.7155,62.2926,64.2764,11,0,0,0,0,0,0,1,0
484,3.8,52.6674,58.5079,65.4586,12.5,0,0,0,0,0,0,1,0
485,3.8,41.4857,57.4964,65.0869,12,0,0,0,0,0,0,1,0
486,3.8,49.5979,56.9644,61.8523,12,0,0,0,0,0,0,1,0
487,3.8,38.6831,57.5763,63.9216,12,1,1,0,0,0,0,1,0
488,3.8,62.9513,42.6637,66.1274,12.5,0,0,0,0,0,0,1,0
489,3.8,20.0744,63.9661,62.2091,11,0,0,0,0,0,0,1,0
490,3.8,21.442,62.8189,66.2681,11,0,0,0,0,0,0,1,0
491,3.8,65.0419,52.8607,67.2834,12.2,0,0,0,0,0,0,1,0
492,3.8,51.7634,60.0793,64.5761,12,1,1,0,0,0,0,1,0
493,3.8,61.2522,67.126,69.1906,13.5890593,0,0,0,0,0,0,1,0
494,3.8,60.4297,70.7006,74.476,12,0,0,0,0,0,0,1,0
495,3.8,19.7281,62.6637,54.6714,11,1,1,0,0,0,0,1,0
496,3.8,36.8235,47.9208,63.9834,12,0,0,0,0,0,0,1,0
497,3.8,21.2699,61.6698,64.9082,11,0,0,0,0,0,0,1,0
498,3.8,49.7638,57.817,63.0505,12,0,0,0,0,0,0,1,0
499,3.8,49.2332,55.6181,64.3828,12.5,0,0,0,0,0,0,1,0
500,3.8,21.6582,59.5335,59.8744,11.5,0,0,0,0,0,0,1,0
501,3.8,21.2846,67.511,67.8177,11.5,0,0,0,0,0,0,1,0
502,3.8,48.6855,60.8468,61.8871,12,0,0,0,0,0,0,1,0
503,3.8,39.9669,55.9377,67.3314,11.5,0,0,0,0,0,0,1,0
504,3.8,17.2525,66.193,62.8858,11,0,0,0,0,0,0,1,0
505,3.8,62.5794,49.9524,64.4154,12.8,0,0,0,0,0,0,1,0
506,3.8,20.1087,64.5188,66.661,11.5,0,0,0,0,0,0,1,0
507,3.8,49.9669,61.4711,67.2603,12,0,0,0,0,0,0,1,0
508,3.8,45.434,56.6711,57.2908,13.5890593,0,0,0,0,0,0,1,0
509,3.8,17.8074,64.4916,65.363,11,0,0,0,0,0,0,1,0
510,3.8,21.6932,64.3739,62.836,11,0,0,0,0,0,0,1,0
511,3.8,12.619,59.6726,62.9167,11.5,0,0,0,0,0,0,1,0
512,3.8,52.8509,56.1939,65.8285,12,0,0,0,0,0,0,1,0
513,3.8,8.08654,19.3519,32.675,7,0,0,0,0,0,0,1,0
514,3.8,19.0193,62.1907,65.4014,11,0,0,0,0,0,0,1,0
515,3.8,67.0875,75.2833,75.2833,12,0,0,0,0,0,0,1,0
516,3.8,50.0183,77.2564,61.1969,12,0,0,0,0,0,0,1,0
517,3.8,53.2316,43.25,68.9233,12,0,0,0,0,0,0,1,0
518,3.8,46.6935,56.8947,68.4456,12.5,0,0,0,0,0,0,1,0
519,3.8,52.4988,58.3514,67.3007,12.5,0,0,0,0,0,0,1,0
520,3.8,17.3048,65.3083,67.3048,11,0,0,0,0,0,0,1,0
521,3.8,17.8497,57.8836,62.9755,11,0,0,0,0,0,0,1,0
522,3.8,65.8409,84.0716,79.7821,13.5890593,0,0,0,0,0,0,1,0
523,3.8,46.5125,57.925,64.0125,12.5,0,0,0,0,0,0,1,0
524,3.8,27.8213,65.2272,66.5975,11,0,0,0,0,0,0,1,0
525,3.8,40.9844,56.4862,60.4108,12,0,0,0,0,0,0,1,0
526,3.8,50.1912,56.3033,61.4663,12.5,0,0,0,0,0,0,1,0
527,3.8,55.0106,53.632,69.4084,12,0,0,0,0,0,0,1,0
528,3.8,40.0027,55.4685,66.4826,11.5,0,0,0,0,0,0,1,0
529,3.8,40.3889,57.401,65.0291,10,0,0,0,0,0,0,1,0
530,3.8,44.3777,62.0413,66.7959,11.5,0,0,0,0,0,0,1,0
531,3.8,16.8188,67.0729,71.1333,11.5,0,0,0,0,0,0,1,0
532,3.8,29.5858,34.542,48.83179461,5,0,0,0,0,0,0,1,0
533,3.8,39.4868,57.6175,63.7119,12,0,0,0,0,0,0,1,0
534,3.8,67.5,42.5,67.5,12.5,0,0,0,0,0,0,1,0
535,3.8,71.5833,84.7658,85,13.5890593,0,0,0,0,0,0,1,0
536,3.8,55.5893,56.0312,67.7946,13.5890593,0,0,0,0,0,0,1,0
537,3.8,51.1667,59.5,67.5,13.5890593,0,0,0,0,0,0,1,0
538,3.9,44.9974,58.9653,65.3722,13.5890593,0,0,0,0,0,0,1,0
539,3.8,67.5,41.4286,67.5,12.5,0,0,0,0,0,0,1,0
540,3.8,19.8762,65.3823,63.4759,11.5,0,0,0,0,0,0,1,0
541,3.8,20.4599,62.445,67.1561,11,0,0,0,0,0,0,1,0
542,3.8,67.5,43.3929,67.5,12,0,0,0,0,0,0,1,0
543,3.8,18.0474,62.9679,63.0674,13.5890593,0,0,0,0,0,0,1,0
544,3.7,21.209,58.9863,62.2079,11,0,0,0,0,0,0,1,0
545,3.7,20.0152,64.7272,64.7667,11,0,0,0,0,0,0,1,0
546,3.7,20.2649,61.4297,62.9704,11,0,0,0,0,0,0,1,0
547,3.7,20.0025,59.2088,61.9187,11,0,0,0,0,0,0,1,0
548,3.7,55.9671,64.4742,68.4292,11,0,0,0,0,0,0,1,0
549,3.7,33.603,50.0617,57.6234,11.5,0,0,0,0,0,0,1,0
550,3.7,39.9287,56.4746,65.0794,11.5,0,0,0,0,0,0,1,0
551,3.7,59.3798,47.6674,65.0393,12.5,0,0,0,0,0,0,1,0
552,3.7,58.9464,50.6163,65.3616,12.5,0,0,0,0,0,0,1,0
553,3.7,51.1772,55.0682,65.1305,12,0,0,0,0,0,0,1,0
554,3.7,47.8325,55.3303,62.707,12,0,0,0,0,0,0,1,0
555,3.7,20.1656,65.2122,62.5305,11,0,0,0,0,0,0,1,0
556,3.7,64.5327,49.3923,65.6395,12.5,0,0,0,0,0,0,1,0
557,3.7,61.8858,46.4056,62.8622,12.5,1,1,0,0,0,0,1,0
558,3.7,17.1929,66.0931,64.129,11,0,0,0,0,0,0,1,0
559,3.7,20.6054,60.1603,63.7634,11.5,0,0,0,0,0,0,1,0
560,3.7,18.248,64.7666,65.3569,11,0,0,0,0,0,0,1,0
561,3.7,62.2684,49.2895,66.522,12,0,0,0,0,0,0,1,0
562,3.7,18.1928,61.0447,63.1542,11,0,0,0,0,0,0,1,0
563,3.7,50.543,56.4209,65.9781,12.5,0,0,0,0,0,0,1,0
564,3.7,51.0971,56.0906,63.4848,12,0,0,0,0,0,0,1,0
565,3.7,41.3213,56.3764,64.5514,11.5,0,0,0,0,0,0,1,0
566,3.7,51.5551,56.2602,62.7907,12,0,0,0,0,0,0,1,0
567,3.7,18.8168,62.7566,65.8953,13.5890593,0,0,0,0,0,0,1,0
568,3.7,41.7484,46.3388,67.1187,13.5890593,0,0,0,0,0,0,1,0
569,3.7,18.3659,66.0093,63.9585,11,0,0,0,0,0,0,1,0
570,3.7,42.0368,58.2473,64.8597,11.5,0,0,0,0,0,0,1,0
571,3.7,16.9948,65.3747,67.4292,11.5,0,0,0,0,0,0,1,0
572,3.7,16.4388,66.8943,64.2128,11.2,0,0,0,0,0,0,1,0
573,4.4,30.7455,41.56083119,64.1268,12,0,0,0,0,0,1,0,0
574,4.3,29.8151,41.56083119,64.9001,13.5,0,0,0,0,0,1,0,0
575,4.3,29.3446,11.3869,67.2961,13.5890593,0,0,0,0,0,1,0,0
576,4.3,40.7564,2.31197,51.1197,14.5,0,0,0,0,0,1,0,0
577,4.2,29.7219,0.003435,66.1931,13.5,0,0,0,0,0,1,0,0
578,4.2,32.7322,2.23995,64.7202,14,0,0,0,0,0,1,0,0
579,4.2,32.7322,2.23995,64.7202,14,0,0,0,0,0,1,0,0
580,4.2,30.3698,41.56083119,65.4642,13,0,0,0,0,0,1,0,0
581,4.2,27.5819,2.59615,62.1628,13,0,0,0,0,0,1,0,0
582,4.2,32.7322,2.23995,64.7202,13.5,0,0,0,0,0,1,0,0
583,4.2,33.9638,3.64418,64.2211,13,0,0,0,0,0,1,0,0
584,4.1,29.7023,0.754175,66.3642,13,0,0,0,0,0,1,0,0
585,4.1,29.9031,0.365635,66.5426,13,1,1,0,0,0,1,0,0
586,4.1,27.5117,0.147047,64.5255,13,0,0,0,0,0,1,0,0
587,4.1,28.9911,1.03505,64.9428,13,0,0,0,0,0,1,0,0
588,4.1,42.3428,8.67077,54.9003,13,0,0,0,0,0,1,0,0
589,4.1,27.5696,6.24746,62.3238,12.5,0,0,0,0,0,1,0,0
590,4.1,31.0009,5.4531,65.3462,12.5,0,0,0,0,0,1,0,0
591,4.1,30.3099,41.56083119,65.1858,13,0,0,0,0,0,1,0,0
592,4.1,31.0009,5.4531,65.3462,12.5,0,0,0,0,0,1,0,0
593,4.1,28.1125,1.5229,62.7415,12.5,0,0,0,0,0,1,0,0
594,4.1,29.9031,0.365635,66.5426,13,1,1,0,0,0,1,0,0
595,4.1,32.8854,41.56083119,69.2181,13.5890593,0,0,0,0,0,1,0,0
596,4.1,30.4309,41.56083119,67.2671,13.5890593,0,0,0,0,0,1,0,0
597,4.1,30.0947,41.56083119,67.8735,13.5890593,0,0,0,0,0,1,0,0
598,4.1,30.1108,0.382365,67.1286,13.5890593,0,0,0,0,0,1,0,0
599,4.1,28.9879,0.553295,65.9214,12.5,0,0,0,0,0,1,0,0
600,4.1,32.9526,0.277963,65.7921,13,0,0,0,0,0,1,0,0
601,4.1,36.2554,41.56083119,65.7989,13.5,0,0,0,0,0,1,0,0
602,4,29.1062,41.56083119,66.1968,10,0,0,0,0,0,1,0,0
603,4,29.1062,41.56083119,66.1968,13,1,1,0,0,0,1,0,0
604,4,40.5518,1.54402,57.2739,14.2,0,0,0,0,0,1,0,0
605,4,29.2106,1.60935,66.9521,12.5,0,0,0,0,0,1,0,0
606,4,38.7982,41.56083119,57.7064,13,0,0,0,0,0,1,0,0
607,4,29.851,41.56083119,69.2778,12.5,0,0,0,0,0,1,0,0
608,4,29.9165,0.724583,68.108,12.5,0,0,0,0,0,1,0,0
609,4,28.1156,41.56083119,66.9409,13,0,0,0,0,0,1,0,0
610,4,28.8834,1.26902,65.2,12.5,0,0,0,0,0,1,0,0
611,4,31.6844,1.91496,66.8045,13.5,0,0,0,0,0,1,0,0
612,4,28.337,3.26102,64.4396,12.5,0,0,0,0,0,1,0,0
613,4,36.7048,3.3,68.5982,13.5,1,1,0,0,0,1,0,0
614,4,55.6666,14.2751,49.2771,14.2,0,0,0,0,0,1,0,0
615,4,28.2666,41.56083119,62.311,13,0,0,0,0,0,1,0,0
616,4,42.4922,0.31961,58.5396,13.5890593,0,0,0,0,0,1,0,0
617,4,33.0368,0.63654,66.4942,12.5,0,0,0,0,0,1,0,0
618,4,32.749,41.56083119,65.4064,12.5,0,0,0,0,0,1,0,0
619,4,52.5987,12.9372,47.0343,13,0,0,0,0,0,1,0,0
620,4,28.6091,41.56083119,68.0768,13.5890593,0,0,0,0,0,1,0,0
621,4,40.0775,41.56083119,59.1024,13.5890593,0,0,0,0,0,1,0,0
622,4,32.6661,2.58327,67.2647,13,0,0,0,0,0,1,0,0
623,4,29.9688,6.16385,66.2635,13,0,0,0,0,0,1,0,0
624,3.9,29.6742,0.561885,65.74,13,0,0,0,0,0,1,0,0
625,3.9,38.7241,0.138815,57.3782,12.5,0,0,0,0,0,1,0,0
626,3.9,41.1413,1.44776,57.6218,13,0,0,0,0,0,1,0,0
627,3.9,30.5888,1.69307,63.6617,13,0,0,0,0,0,1,0,0
628,3.9,30.2236,0.738763,67.114,12.7,0,0,0,0,0,1,0,0
629,3.9,42.7571,0.241835,53.3837,14.5,0,0,0,0,0,1,0,0
630,3.9,28.9057,0.670095,66.2303,13.5,0,0,0,0,0,1,0,0
631,3.9,29.0221,41.56083119,62.5531,12.5,0,0,0,0,0,1,0,0
632,3.9,29.5452,41.56083119,66.3672,13,0,0,0,0,0,1,0,0
633,3.9,28.2673,41.56083119,67.7033,13,0,0,0,0,0,1,0,0
634,3.9,28.4807,41.56083119,64.8286,13,0,0,0,0,0,1,0,0
635,3.9,29.3345,41.56083119,67.3739,13.5890593,0,0,0,0,0,1,0,0
636,3.9,34.9069,5.15029,61.767,11.5,1,1,0,0,0,1,0,0
637,3.9,39.5621,41.56083119,61.2729,13,0,0,0,0,0,1,0,0
638,3.9,56.4764,14.4736,50.5972,14.5,0,0,0,0,0,1,0,0
639,3.9,34.1411,11.3389,64.9468,13.5890593,0,0,0,0,0,1,0,0
640,3.9,56.7995,15.351,49.6563,14,0,0,0,0,0,1,0,0
641,3.9,31.8019,41.56083119,66.1887,12.5,0,0,0,0,0,1,0,0
642,3.9,30.97,4.12425,64.4283,12.5,0,0,0,0,0,1,0,0
643,3.9,30.3422,41.56083119,68.463,13,0,0,0,0,0,1,0,0
644,3.9,36.2889,4.49093,66.9489,13.5890593,0,0,0,0,0,1,0,0
645,3.8,53.8599,11.2365,50.0138,13.5,0,0,0,0,0,1,0,0
646,3.8,29.1342,1.2683,65.7247,13,0,0,0,0,0,1,0,0
647,3.8,30.2151,2.23562,65.5531,12.5,0,0,0,0,0,1,0,0
648,3.8,29.4421,3.5936,66.5452,13.5890593,0,0,0,0,0,1,0,0
649,3.8,28.9803,41.56083119,66.7614,13,0,0,0,0,0,1,0,0
650,3.8,55.897,14.9568,49.0853,13.5,0,0,0,0,0,1,0,0
651,3.8,38.4705,41.56083119,56.466,13,0,0,0,0,0,1,0,0
652,3.8,55.0131,16.8144,47.963,14,0,0,0,0,0,1,0,0
653,3.8,36.7047,0.593298,64.7921,13.5,0,0,0,0,0,1,0,0
654,3.8,52.546,11.8565,48.2705,13.5,0,0,0,0,0,1,0,0
655,3.8,29.4421,3.5936,66.5452,13.5890593,0,0,0,0,0,1,0,0
656,3.8,28.7506,41.56083119,66.7845,12.5,0,0,0,0,0,1,0,0
657,3.8,34.231,41.56083119,64.7715,13.5890593,0,0,0,0,0,1,0,0
658,3.8,32.1138,41.56083119,65.9186,14,0,0,0,0,0,1,0,0
659,3.8,42.2446,41.56083119,58.5288,12.5,0,0,0,0,0,1,0,0
660,3.8,30.5073,0.52542,68.4304,13,0,0,0,0,0,1,0,0
661,3.8,28.4256,41.56083119,65.5966,13,0,0,0,0,0,1,0,0
662,3.8,54.0784,15.1863,49.7386,13.5890593,0,0,0,0,0,1,0,0
663,3.7,30.072,3.30438,65.6403,12.5,0,0,0,0,0,1,0,0
664,3.7,28.1737,2.25264,63.9703,13,0,0,0,0,0,1,0,0
665,3.7,41.7726,3.08863,55.7625,13.5890593,0,0,0,0,0,1,0,0
666,3.7,28.5283,41.56083119,66.5628,13.5890593,0,0,0,0,0,1,0,0
667,3.7,52.9701,11.8091,48.4549,14.5,1,1,0,0,0,1,0,0
668,3.7,29.4421,3.5936,66.5452,13,0,0,0,0,0,1,0,0
669,3.7,56.3195,20.825,46.0007,14,0,0,0,0,0,1,0,0
670,3.7,55.125,9.07187,42.8312,14.1,0,0,0,0,0,1,0,0
671,3.7,45.6377,5.16455,62.3067,13.5,0,0,0,0,0,1,0,0
672,3.7,39.0208,41.56083119,58.57,13.5890593,0,0,0,0,0,1,0,0
673,3.7,31.8019,41.56083119,66.1887,13,0,0,0,0,0,1,0,0
674,3.7,30.7578,41.56083119,68.5563,13,0,0,0,0,0,1,0,0
675,3.6,31.1224,1.19242,67.2495,12.5,0,0,0,0,0,1,0,0
676,3.6,29.8412,35.3335,64.9836,13.5890593,0,0,0,0,0,1,0,0
677,3.6,54.9702,9.95461,48.8641,13,0,0,0,0,0,1,0,0
678,3.6,29.3248,41.56083119,63.9973,13.5890593,0,0,0,0,0,1,0,0
679,3.6,53.8599,11.2365,50.0138,13.5,0,0,0,0,0,1,0,0
680,3.6,29.3248,41.56083119,63.9973,13,0,0,0,0,0,1,0,0
681,3.6,55.661,4.55932,49.2203,13.5890593,0,0,0,0,0,1,0,0
682,3.5,30.1532,12.9525,61.9657,13.5890593,0,0,0,0,0,1,0,0
683,3.5,45.0672,41.56083119,58.6431,13.5890593,0,0,0,0,0,1,0,0
684,3.5,49.9887,12.5376,52.9385,13.5890593,0,0,0,0,0,1,0,0
685,3.5,26.8805,41.56083119,66.1106,13.5890593,0,0,0,0,0,1,0,0
686,3.4,41.7726,3.08863,55.7625,13.5890593,0,0,0,0,0,1,0,0
687,4.4,31.9285,41.56083119,64.3941,12.5,0,0,0,0,0,1,0,0
688,4.4,51.7924,10.5612,48.8819,13.5890593,0,0,0,0,0,1,0,0
689,4.4,29.8361,41.56083119,61.2064,13.5890593,0,0,0,0,0,1,0,0
690,4.3,37.4549,5.31292,64.9326,13.5,0,0,0,0,0,1,0,0
691,4.3,29.4917,1.14148,61.3482,14,0,0,0,0,0,1,0,0
692,4.3,31.8696,0.02616,65.0297,13.5890593,0,0,0,0,0,1,0,0
693,4.3,29.7918,2.31265,64.7506,13.5890593,0,0,0,0,0,1,0,0
694,4.2,37.4549,5.31292,64.9326,13.5,0,0,0,0,0,1,0,0
695,4.2,29.5452,41.56083119,66.3672,13,0,0,0,0,0,1,0,0
696,4.2,31.8696,0.02616,65.0297,14,0,0,0,0,0,1,0,0
697,4.2,42.4922,0.31961,58.5396,12.5,0,0,0,0,0,1,0,0
698,4.2,28.2196,41.56083119,65.3084,13,0,0,0,0,0,1,0,0
699,4.2,30.6519,41.56083119,65.7299,13,0,0,0,0,0,1,0,0
700,4.2,29.2157,41.56083119,66.4432,13,0,0,0,0,0,1,0,0
701,4.2,33.9638,3.64418,64.2211,13.5,0,0,0,0,0,1,0,0
702,4.2,36.2554,41.56083119,65.7989,13,0,0,0,0,0,1,0,0
703,4.4,85,75.1673,70.1987,13.5890593,0,0,0,1,0,0,0,0
704,4.2,70.6557,31.3313,58.7613,21,0,0,0,1,0,0,0,0
705,4.1,85,85,43.4125,17,1,1,0,1,0,0,0,0
706,4.1,68.2366,25.9729,61.3614,20,0,0,0,1,0,0,0,0
707,4.1,85,81.0207,62.717,19,0,0,0,1,0,0,0,0
708,4.1,82.8954,85,45.6838,17,0,0,0,1,0,0,0,0
709,4.1,85,85,41.97,17,0,0,0,1,0,0,0,0
710,4.1,62.362,29.3474,62.1656,13.5890593,0,0,0,1,0,0,0,0
711,4,68.6985,71.952,59.7883,20,0,0,0,1,0,0,0,0
712,4,85,85,40.9196,17,0,0,0,1,0,0,0,0
713,4,85,85,66.3199,19,0,0,0,1,0,0,0,0
714,4,69.3802,72.7962,61.1983,17,0,0,0,1,0,0,0,0
715,4,66.8108,71.133,58.869,17.5,0,0,0,1,0,0,0,0
716,4,85,85,62.7632,19,0,0,0,1,0,0,0,0
717,4,66.54,37.8155,60.8264,20,0,0,0,1,0,0,0,0
718,4,71.0705,73.9404,57.2086,15,0,0,0,1,0,0,0,0
719,4,67.7221,70.165,62.392,17.5,0,0,0,1,0,0,0,0
720,4,58.3794,31.8443,63.9227,17.5,0,0,0,1,0,0,0,0
721,4,62.9705,68.9641,55.5179,17,0,0,0,1,0,0,0,0
722,4,68.1397,66.4338,68.9926,20,0,0,0,1,0,0,0,0
723,4,85,76.7806,60.3367,13.5890593,0,0,0,1,0,0,0,0
724,4,85,85,43.4117,16,0,0,0,1,0,0,0,0
725,3.9,84.8419,83.406,66.7821,19,0,0,0,1,0,0,0,0
726,3.9,60.5289,41.8643,60.304,19,1,1,0,1,0,0,0,0
727,3.9,68.085,73.4837,63.1993,17,0,0,0,1,0,0,0,0
728,3.9,85,83.3192,61.5148,19,0,0,0,1,0,0,0,0
729,3.9,85,85,43.4117,17,0,0,0,1,0,0,0,0
730,3.9,73.7903,50.3064,66.4516,19,0,0,0,1,0,0,0,0
731,3.9,85,85,67.2796,18.9,0,0,0,1,0,0,0,0
732,3.9,64.9,68.1,60.85,17.5,0,0,0,1,0,0,0,0
733,3.9,67.5616,72.9281,67.0069,15,0,0,0,1,0,0,0,0
734,3.9,66.1364,61.7727,65.0455,19,0,0,0,1,0,0,0,0
735,3.9,85,82.9286,47.0682,18,0,0,0,1,0,0,0,0
736,3.9,84.1945,85,42.1389,13.5890593,0,0,0,1,0,0,0,0
737,3.8,85,85,43.1911,20,0,0,0,1,0,0,0,0
738,3.8,85,85,67.7757,19,0,0,0,1,0,0,0,0
739,3.8,82.3245,84.1146,66.0797,18,0,0,0,1,0,0,0,0
740,3.8,67.51,70.6629,64.6791,20,1,1,0,1,0,0,0,0
741,3.8,65.9558,41.2266,66.2013,15,0,0,0,1,0,0,0,0
742,3.8,66.3258,74.0758,62.803,13.5890593,0,0,0,1,0,0,0,0
743,3.8,85,62.7213,46.6552,19,0,0,0,1,0,0,0,0
744,3.8,60.2521,41.5571,57.555,20,0,0,0,1,0,0,0,0
745,3.8,68.1428,69.3214,65.0357,13.5890593,0,0,0,1,0,0,0,0
746,3.7,69.3276,44.2178,64.6137,20,0,0,0,1,0,0,0,0
747,3.7,85,84.6574,66.2167,19,0,0,0,1,0,0,0,0
748,3.7,62.943,61.05,64.896,17.5,0,0,0,1,0,0,0,0
749,3.7,57.8707,33.9424,66.1869,17,0,0,0,1,0,0,0,0
750,3.7,63.9725,48.8211,68.8853,15,0,0,0,1,0,0,0,0
751,3.7,66.8547,48.6589,62.1176,19,0,0,0,1,0,0,0,0
752,3.7,85,85,42.5,16,0,0,0,1,0,0,0,0
753,3.7,85,76.8268,62.7005,18,0,0,0,1,0,0,0,0
754,3.7,59.5614,41.6731,62.3743,15,0,0,0,1,0,0,0,0
755,3.7,83.2525,54.2156,44.3495,17,0,0,0,1,0,0,0,0
756,3.7,67.3247,40.7028,64.9888,13.5890593,0,0,0,1,0,0,0,0
757,3.7,72.8784,67.6982,68.9865,19,0,0,0,1,0,0,0,0
758,3.7,67.5,70.7759,67.5,17.5,0,0,0,1,0,0,0,0
759,3.6,65.9348,42.7142,64.7199,18,0,0,0,1,0,0,0,0
760,3.6,52.9646,25.9466,59.8894,16,0,0,0,1,0,0,0,0
761,3.6,65.4751,72.9833,61.456,17.5,0,0,0,1,0,0,0,0
762,3.6,81.1737,80.7542,65.4025,19,0,0,0,1,0,0,0,0
763,3.6,67.5,70.8542,67.5,13.5890593,0,0,0,1,0,0,0,0
764,3.6,67.5,58.3654,67.8654,18,0,0,0,1,0,0,0,0
765,3.5,57.5891,28.5734,57.6373,15,0,0,0,1,0,0,0,0
766,3.5,58.2621,21.3095,59.0677,15,0,0,0,1,0,0,0,0
767,3.4,68.771,47.7996,61.7805,19.5,0,0,0,1,0,0,0,0
768,3.4,58.012,28.3922,62.3787,15,0,0,0,1,0,0,0,0
769,3.4,62.3402,62.1418,57.1804,17,0,0,0,1,0,0,0,0
770,3.4,85,68.4644,45.6807,15,0,0,0,1,0,0,0,0
771,3.3,58.866,32.3949,63.8716,15,0,0,0,1,0,0,0,0
772,3.3,55.0862,31.2017,56.2212,15,0,0,0,1,0,0,0,0
773,3.3,58.2105,33.0623,61.7952,15,0,0,0,1,0,0,0,0
774,3.3,61.6154,40.2564,53.5513,15,0,0,0,1,0,0,0,0
775,3.3,61.4505,46.1698,67.3962,15,0,0,0,1,0,0,0,0
776,3.3,56.3369,33.7874,65.9372,15,0,0,0,1,0,0,0,0
777,3.3,70.8277,57.7248,61.4685,13.5890593,0,0,0,1,0,0,0,0
778,3.3,63.6026,67.9872,67.5,20,0,0,0,1,0,0,0,0
779,3.3,65.2703,38.2905,65.9392,15,0,0,0,1,0,0,0,0
780,3.2,53.5429,33.8551,53.1212,15,0,0,0,1,0,0,0,0
781,3.2,67.5,61.6765,68.3824,18,0,0,0,1,0,0,0,0
782,3.1,52.2259,33.5825,61.6599,15,0,0,0,1,0,0,0,0
783,3.1,60.6894,35.413,65.2324,15,0,0,0,1,0,0,0,0
784,3.1,67.5,51.0385,67.5,15,0,0,0,1,0,0,0,0
785,3.1,63.6689,47.5,60.8378,15,0,0,0,1,0,0,0,0
786,2.8,67.5,65.0543,67.9239,13.5890593,0,0,0,1,0,0,0,0
787,2.6,63.4286,54.3214,61.3929,13.5890593,0,0,0,1,0,0,0,0
788,4.6,69.5877,55.0601,67.0663,13.5890593,0,0,0,1,0,0,0,0
789,4.5,85,85,43.4117,13.5890593,0,0,0,1,0,0,0,0
790,4.2,85,85,39.099,16,0,0,0,1,0,0,0,0
791,4.2,83.5525,80.167,48.3038,17,0,0,0,1,0,0,0,0
792,4.2,72.4746,59.4829,61.2151,18,0,0,0,1,0,0,0,0
793,4.2,85,85,71.2778,19,0,0,0,1,0,0,0,0
794,4.2,60.6526,63.7987,60.4675,18,0,0,0,1,0,0,0,0
795,4.2,67.5,65.7955,67.5,13.5890593,0,0,0,1,0,0,0,0
796,4.1,64.6327,36.3828,61.4951,19,0,0,0,1,0,0,0,0
797,4.1,71.9802,40.9911,60.5972,20,0,0,0,1,0,0,0,0
798,4.1,67.978,28.7802,58.4176,15,0,0,0,1,0,0,0,0
799,4.1,64.1979,30.2684,57.8909,15,0,0,0,1,0,0,0,0
800,4.1,68.5,72.5769,64.3269,17,0,0,0,1,0,0,0,0
801,4.1,85,85,41.803,15,0,0,0,1,0,0,0,0
802,4.1,68.464,27.7338,61.9568,16,0,0,0,1,0,0,0,0
803,4.1,85,85,43.4117,13.5890593,0,0,0,1,0,0,0,0
804,4.1,68.0671,69.5793,63.5305,13.5890593,0,0,0,1,0,0,0,0
805,4.1,85,85,67.5,19,0,0,0,1,0,0,0,0
806,4.1,72.8097,71.4049,64.8407,17.5,0,0,0,1,0,0,0,0
807,4,85,85,67.7236,19,0,0,0,1,0,0,0,0
808,4,85,78.7582,68.1758,19,0,0,0,1,0,0,0,0
809,4,85,85,65.3523,13.5890593,0,0,0,1,0,0,0,0
810,4,83.8718,76.6303,65.8483,13.5890593,0,0,0,1,0,0,0,0
811,4,69.0843,33.3558,67.2754,19,0,0,0,1,0,0,0,0
812,4,69.3028,31.5475,60.338,18.5,0,0,0,1,0,0,0,0
813,4,66.8316,33.9114,69.8951,17.5,0,0,0,1,0,0,0,0
814,4,67.4615,44.9745,66.0927,13.5890593,0,0,0,1,0,0,0,0
815,4,85,64.8415,50.4024,15,0,0,0,1,0,0,0,0
816,4,72.9052,50.6293,50.7155,17.5,0,0,0,1,0,0,0,0
817,4,72.0439,24.9825,71.7193,13.5890593,0,0,0,1,0,0,0,0
818,3.9,62.3661,70.2577,54.315,18,0,0,0,1,0,0,0,0
819,4,61.5833,75.4167,59.1667,20.5,0,0,0,1,0,0,0,0
820,4,64.3743,68.1698,55.4438,17.5,0,0,0,1,0,0,0,0
821,4,64.8434,73.7199,51.0542,13.5890593,0,0,0,1,0,0,0,0
822,4,85,85,41.97,17,0,0,0,1,0,0,0,0
823,4,85,85,67.5,13.5890593,0,0,0,1,0,0,0,0
824,4,85,85,66.3199,19,0,0,0,1,0,0,0,0
825,3.9,62.3661,70.2577,54.315,18,0,0,0,1,0,0,0,0
826,3.9,84.1118,85,43.4436,20,0,0,0,1,0,0,0,0
827,3.9,59.1542,30.349,63.9144,15,0,0,0,1,0,0,0,0
828,3.9,85,85,40.0943,18,0,0,0,1,0,0,0,0
829,3.9,85,85,65.5298,19,0,0,0,1,0,0,0,0
830,3.9,84.5945,63.1198,66.8142,19,0,0,0,1,0,0,0,0
831,3.9,70.9591,41.7807,64.9484,20,0,0,0,1,0,0,0,0
832,3.9,65.7529,34.6341,63.5507,20,0,0,0,1,0,0,0,0
833,3.9,85,85,65.4734,19,0,0,0,1,0,0,0,0
834,3.9,61.772,38.164,42.124,13.5890593,0,0,0,1,0,0,0,0
835,3.9,65.735,29.5488,68.9612,20,0,0,0,1,0,0,0,0
836,3.9,61.3337,35.3684,62.2472,19,0,0,0,1,0,0,0,0
837,3.9,63.2803,70.7002,57.284,18,0,0,0,1,0,0,0,0
838,4.3,45.95,57.7235,48.3294,10,0,0,1,0,0,0,0,0
839,4.3,47.4103,56.868,62.7511,8,0,0,1,0,0,0,0,0
840,4.2,85,85,73.5466,13.5890593,0,0,1,0,0,0,0,0
841,4.1,30.2511,64.3863,46.5203,8,0,0,1,0,0,0,0,0
842,4.1,85,85,75.3107,14.5,0,0,1,0,0,0,0,0
843,4.1,85,85,76.0044,14,0,0,1,0,0,0,0,0
844,4,79.9338,85,74.6266,13.5,0,0,1,0,0,0,0,0
845,4,85,85,77.1901,13,0,0,1,0,0,0,0,0
846,4,85,85,75.5988,13.5890593,0,0,1,0,0,0,0,0
847,4,26.9886,52.6258,43.9575,10,0,0,1,0,0,0,0,0
848,3.7,65.1116,61.3727,43.2626,13.5890593,0,0,1,0,0,0,0,0
849,3.7,20.4687,44.5313,85,13.5890593,0,0,1,0,0,0,0,0
850,3.6,54.4231,10.9615,56.1538,11.5,0,0,1,0,0,0,0,0
851,4.5,85,85,75.8876,13.5,0,0,1,0,0,0,0,0
852,4.5,45.6492,53.2041,58.5689,13.5890593,0,0,1,0,0,0,0,0
853,4.4,85,85,76.2339,13.5,0,0,1,0,0,0,0,0
854,4.4,29.2562,42.2124,63.2959,7.5,0,0,1,0,0,0,0,0
855,4.3,85,85,76.0993,13,0,0,1,0,0,0,0,0
856,4.3,85,85,76.0993,13.5,0,0,1,0,0,0,0,0
857,4.3,85,85,75.8045,13.5,0,0,1,0,0,0,0,0
858,4.3,85,85,76.3266,14,0,0,1,0,0,0,0,0
859,4.3,85,85,75.9542,14,0,0,1,0,0,0,0,0
860,4.3,40.7191,57.9455,48.1227,13.5890593,0,0,1,0,0,0,0,0
861,4.3,84.0225,85,74.6819,12.5,0,0,1,0,0,0,0,0
862,4.3,85,85,76.8437,13,0,0,1,0,0,0,0,0
863,4.3,35.8833,40.7306,66.7222,13.5890593,0,0,1,0,0,0,0,0
864,4.3,52.2546,67.2601,54.0833,13.5890593,0,0,1,0,0,0,0,0
865,4.3,65.3617,57.7699,56.4561,13.5890593,0,0,1,0,0,0,0,0
866,4.3,85,85,75.2838,13.5,0,0,1,0,0,0,0,0
867,4.2,85,85,76.6433,13,0,0,1,0,0,0,0,0
868,4.2,85,85,76.6433,13.5,0,0,1,0,0,0,0,0
869,4.2,48.7195,60.7881,56.087,8.5,0,0,1,0,0,0,0,0
870,4.2,84.373,85,75.7316,13.5,0,0,1,0,0,0,0,0
871,4.2,85,85,75.2838,12,0,0,1,0,0,0,0,0
872,4.2,85,85,76.3266,13.5,0,0,1,0,0,0,0,0
873,4.2,85,85,76.3266,13.5890593,0,0,1,0,0,0,0,0
874,4.2,85,85,75.3107,13.5,0,0,1,0,0,0,0,0
875,4.2,83.0908,85,68.3772,14,0,0,1,0,0,0,0,0
876,4.2,85,85,77.1901,13.5,0,0,1,0,0,0,0,0
877,4.2,85,85,77.1901,13.5,0,0,1,0,0,0,0,0
878,4.2,84.6646,85,75.3814,13,0,0,1,0,0,0,0,0
879,4.2,68.6792,41.827,35.3994,13.5890593,0,0,1,0,0,0,0,0
880,4.2,25.5336,23.171,6.96947,14,0,0,1,0,0,0,0,0
881,4.2,85,85,75.9542,13.5,1,1,1,0,0,0,0,0
882,4.2,55.1612,54.4255,63.2273,13.5890593,0,0,1,0,0,0,0,0
883,4.2,79.4252,85,74.7113,13.5890593,0,0,1,0,0,0,0,0
884,4.2,85,85,75.8045,13.5890593,0,0,1,0,0,0,0,0
885,4.2,56.1014,63.9205,69.108,13.5890593,0,0,1,0,0,0,0,0
886,4.2,55.7379,56.0907,51.8186,13.5890593,0,0,1,0,0,0,0,0
887,4.2,46.5318,6.49697,73.9637,13.5890593,0,0,1,0,0,0,0,0
888,4.2,48.9421,42.2282,58.0371,8,0,0,1,0,0,0,0,0
889,4.2,37.521,45.0601,70.2554,8.5,0,0,1,0,0,0,0,0
890,4.2,51.8294,44.6912,69.5794,13.5890593,0,0,1,0,0,0,0,0
891,4.2,35.0516,44.4695,61.3545,13.5890593,0,0,1,0,0,0,0,0
892,4.2,85,85,76.9749,13.5890593,0,0,1,0,0,0,0,0
893,4.1,30.2511,64.3863,46.5203,8,0,0,1,0,0,0,0,0
894,4.1,85,85,74.7933,13.5,0,0,1,0,0,0,0,0
895,4.1,30.2511,64.3863,46.5203,8.5,0,0,1,0,0,0,0,0
896,4.1,25.5336,23.171,6.96947,14,0,0,1,0,0,0,0,0
897,4.1,85,85,75.3549,14,0,0,1,0,0,0,0,0
898,4.1,84.373,85,75.7316,13.5890593,0,0,1,0,0,0,0,0
899,4.1,85,85,75.2838,14,0,0,1,0,0,0,0,0
900,4.1,85,85,76.6433,13.5890593,0,0,1,0,0,0,0,0
901,4.1,85,85,76.3266,13.5,0,0,1,0,0,0,0,0
902,4.1,85,85,76.4105,13.5890593,0,0,1,0,0,0,0,0
903,4.1,85,85,75.3549,14,0,0,1,0,0,0,0,0
904,4.1,85,85,76.482,13.5,0,0,1,0,0,0,0,0
905,4.1,85,85,75.3636,13.5890593,0,0,1,0,0,0,0,0
906,4.1,80.5791,85,75.9492,13.5890593,0,0,1,0,0,0,0,0
907,4.1,85,85,76.5727,13.5890593,0,0,1,0,0,0,0,0
908,4.1,85,85,73.2418,13.5,0,0,1,0,0,0,0,0
909,4.1,49.3544,63.2581,58.2151,13.5890593,0,0,1,0,0,0,0,0
910,4.1,49.8717,48.8214,60.1055,7.5,0,0,1,0,0,0,0,0
911,4.1,47.375,39.25,67.25,13.5890593,0,0,1,0,0,0,0,0
912,4.1,45.5076,60.9755,58.9193,13.5890593,0,0,1,0,0,0,0,0
913,4.1,50.636,42.567,64.3959,10,0,0,1,0,0,0,0,0
914,4.1,82.224,85,76.5441,13,0,0,1,0,0,0,0,0
915,4.1,43.5411,63.1969,44.6567,13.5890593,0,0,1,0,0,0,0,0
916,4.1,27.6667,53.3465,69.0219,13.5890593,0,0,1,0,0,0,0,0
917,4.1,49.3544,63.2581,58.2151,13.5890593,0,0,1,0,0,0,0,0
918,4.1,85,85,77.0104,13.5890593,0,0,1,0,0,0,0,0
919,4,85,85,76.6433,14,0,0,1,0,0,0,0,0
920,4,85,85,76.0044,14,0,0,1,0,0,0,0,0
921,4,85,85,77.0848,12,0,0,1,0,0,0,0,0
922,4,85,85,76.6433,13.5890593,0,0,1,0,0,0,0,0
923,4,85,85,75.172,13.5890593,0,0,1,0,0,0,0,0
924,4,85,85,76.8437,13,0,0,1,0,0,0,0,0
925,4,85,85,75.8045,13,0,0,1,0,0,0,0,0
926,4,85,85,77.0848,13,0,0,1,0,0,0,0,0
927,4,49.3544,63.2581,58.2151,13.5890593,0,0,1,0,0,0,0,0
928,4,85,85,75.3107,13.5,0,0,1,0,0,0,0,0
929,4,85,85,79.0622,13.5890593,0,0,1,0,0,0,0,0
930,4,34.4721,24.9816,61.9743,14,0,0,1,0,0,0,0,0
931,4,85,85,76.8437,13.5890593,0,0,1,0,0,0,0,0
932,4,30.2511,64.3863,46.5203,13.5890593,0,0,1,0,0,0,0,0
933,4,83.0908,85,68.3772,13.5890593,0,0,1,0,0,0,0,0
934,4,26.9886,52.6258,43.9575,13.5890593,0,0,1,0,0,0,0,0
935,4,30.8543,33.4941,55.4498,13.5890593,0,0,1,0,0,0,0,0
936,4,43.5411,63.1969,44.6567,13.5890593,0,0,1,0,0,0,0,0
937,4,84.373,85,75.7316,13.5890593,0,0,1,0,0,0,0,0
938,4,38.661,62.7431,33.0308,13.5890593,0,0,1,0,0,0,0,0
939,4,29.2562,42.2124,63.2959,8.5,0,0,1,0,0,0,0,0
940,4,83.5155,85,81.4889,13.5890593,0,0,1,0,0,0,0,0
941,4,85,85,75.5988,13.5890593,0,0,1,0,0,0,0,0
942,4,57.6206,18.7726,62.0509,13,0,0,1,0,0,0,0,0
943,4,85,85,76.482,13.5,0,0,1,0,0,0,0,0
944,4,64.9379,60.1276,43.9172,13.5890593,0,0,1,0,0,0,0,0
945,4,55.3438,38.526,65.25,13.5890593,0,0,1,0,0,0,0,0
946,4,84.9068,85,78.7367,13.5890593,0,0,1,0,0,0,0,0
947,4,46.5318,6.49697,73.9637,13.5890593,0,0,1,0,0,0,0,0
948,4,50.636,42.567,64.3959,10,0,0,1,0,0,0,0,0
949,4,85,85,79.5969,13.5890593,0,0,1,0,0,0,0,0
950,4,48.7179,35.0392,56.732,13,0,0,1,0,0,0,0,0
951,3.9,30.5946,60.9014,40.5365,11,0,0,1,0,0,0,0,0
952,3.9,85,85,76.4105,13.5,0,0,1,0,0,0,0,0
953,3.9,85,85,76.0044,14,0,0,1,0,0,0,0,0
954,3.9,85,85,76.4105,13.5,0,0,1,0,0,0,0,0
955,3.9,85,85,75.3549,14,0,0,1,0,0,0,0,0
956,3.9,85,85,76.4105,13.5890593,0,0,1,0,0,0,0,0
957,3.9,85,85,76.0044,13.5,0,0,1,0,0,0,0,0
958,3.9,85,85,76.4304,13.9,0,0,1,0,0,0,0,0
959,3.9,57.6206,18.7726,62.0509,13.5890593,0,0,1,0,0,0,0,0
960,3.9,25.5336,23.171,6.96947,13,0,0,1,0,0,0,0,0
961,3.9,30.8543,33.4941,55.4498,12.5,0,0,1,0,0,0,0,0
962,3.9,45.6974,47.0746,74.6491,13.5890593,0,0,1,0,0,0,0,0
963,3.9,25.2229,53.1767,42.0733,12,0,0,1,0,0,0,0,0
964,3.9,30.8543,33.4941,55.4498,12,0,0,1,0,0,0,0,0
965,3.9,62.5585,69.2552,33.2811,13.5890593,0,0,1,0,0,0,0,0
966,3.9,40.9965,60.4438,68.8174,7,0,0,1,0,0,0,0,0
967,3.9,40.9965,60.4438,68.8174,7.5,1,1,1,0,0,0,0,0
968,3.9,38.661,62.7431,33.0308,7.5,0,0,1,0,0,0,0,0
969,3.9,48.5784,56.5147,43.4412,13.5890593,0,0,1,0,0,0,0,0
970,3.9,44.9955,58.3978,68.2133,13.5890593,0,0,1,0,0,0,0,0
971,3.9,45.7998,47.8768,67.5797,13.5890593,0,0,1,0,0,0,0,0
972,3.8,85,85,76.4304,14,0,0,1,0,0,0,0,0
973,3.8,85,85,73.7268,14,0,0,1,0,0,0,0,0
974,3.8,25.5336,23.171,6.96947,13,0,0,1,0,0,0,0,0
975,3.8,84.2037,85,79.1836,13.5890593,0,0,1,0,0,0,0,0
976,3.8,29.2562,42.2124,63.2959,8,0,0,1,0,0,0,0,0
977,3.8,84.2037,85,79.1836,13.5890593,0,0,1,0,0,0,0,0
978,3.8,85,85,76.7175,13.5890593,0,0,1,0,0,0,0,0
979,3.8,85,85,77.1048,13.5890593,0,0,1,0,0,0,0,0
980,3.8,47.5081,41.996,72.9314,13.5890593,0,0,1,0,0,0,0,0
981,3.7,85,85,75.8642,13.5890593,0,0,1,0,0,0,0,0
982,3.7,85,85,76.4304,13.5890593,0,0,1,0,0,0,0,0
983,3.7,84.2037,85,79.1836,13.5890593,0,0,1,0,0,0,0,0
984,3.7,84.2037,85,79.1836,13.5890593,0,0,1,0,0,0,0,0
985,3.7,31.6203,13.5232,70.6717,13.5890593,0,0,1,0,0,0,0,0
986,3.6,45.8152,39.6154,24.837,13.5890593,0,0,1,0,0,0,0,0
987,4.5,85,37.4431,44.6935,13.8,0,0,0,0,0,0,0,1
988,4.4,40.8303,1.80635,66.8585,12.5,1,1,0,0,0,0,0,1
989,4.4,85,27.76,35.204,14.5,0,0,0,0,0,0,0,1
990,4.4,46.8682,17.8587,38.7182,14,0,0,0,0,0,0,0,1
991,4.4,85,29.3404,35.0341,14.5,0,0,0,0,0,0,0,1
992,4.4,85,28.8093,35.7343,13.5890593,0,0,0,0,0,0,0,1
993,4.4,20.2103,41.56083119,67.2301,13.5890593,0,0,0,0,0,0,0,1
994,4.4,31.9408,1.7275,78.4065,13.5,0,0,0,0,0,0,0,1
995,4.3,58.4456,19.5942,39.6349,13.5,0,0,0,0,0,0,0,1
996,4.3,36.0277,3.26099,74.1855,13,0,0,0,0,0,0,0,1
997,4.3,31.8677,3.14222,75.6444,12.5,0,0,0,0,0,0,0,1
998,4.3,56.6576,15.6018,32.6007,14.5,0,0,0,0,0,0,0,1
999,4.3,65.5842,41.0671,28.0871,14.5,0,0,0,0,0,0,0,1
1000,4.3,64.4074,5.71496,40.4314,13.5,0,0,0,0,0,0,0,1
1001,4.3,62.7073,26.2926,49.5131,14,0,0,0,0,0,0,0,1
1002,4.3,43.6317,7.66734,62.1555,13.5890593,0,0,0,0,0,0,0,1
1003,4.3,61.8818,24.5958,48.9929,13.5,0,0,0,0,0,0,0,1
1004,4.3,85,35.2238,43.4533,14.2,0,0,0,0,0,0,0,1
1005,4.3,32.7283,0.020635,84.6719,13.5,0,0,0,0,0,0,0,1
1006,4.3,20.8372,1.22019,67.5699,12.5,0,0,0,0,0,0,0,1
1007,4.3,63.034,22.9844,50.2847,13.5,0,0,0,0,0,0,0,1
1008,4.3,62.4855,39.5927,30.8551,14,0,0,0,0,0,0,0,1
1009,4.3,46.4559,19.5029,38.7811,13.5890593,0,0,0,0,0,0,0,1
1010,4.3,22.7167,2.70901,85,12.5,0,0,0,0,0,0,0,1
1011,4.3,50.5171,8.23119,77.0918,12.5,0,0,0,0,0,0,0,1
1012,4.3,19.8245,41.56083119,68.819,13,0,0,0,0,0,0,0,1
1013,4.3,43.1023,4.55562,66.9544,13.5890593,0,0,0,0,0,0,0,1
1014,4.3,45.0709,2.26374,69.5064,14.1,0,0,0,0,0,0,0,1
1015,4.3,19.901,5.90446,85,13.5890593,0,0,0,0,0,0,0,1
1016,4.3,78.9733,19.6297,43.6597,13.5890593,0,0,0,0,0,0,0,1
1017,4.3,62.3261,24.5634,50.6015,13.5,0,0,0,0,0,0,0,1
1018,4.3,65.3509,51.6572,44.2471,5,0,0,0,0,0,0,0,1
1019,4.3,79.6063,29.7679,51.7752,13.5890593,0,0,0,0,0,0,0,1
1020,4.3,66.4852,52.6171,44.0246,6.5,0,0,0,0,0,0,0,1
1021,4.3,43.3158,13.0683,37.9423,14,1,1,0,0,0,0,0,1
1022,4.3,24.1392,24.3257,50.1262,13,0,0,0,0,0,0,0,1
1023,4.3,43.5191,41.56083119,67.2309,13.5890593,0,0,0,0,0,0,0,1
1024,4.3,85,33.3058,49.6209,14,0,0,0,0,0,0,0,1
1025,4.3,32.3165,28.2213,49.2398,13.5,0,0,0,0,0,0,0,1
1026,4.3,85,32.197,35.6665,14.2,0,0,0,0,0,0,0,1
1027,4.3,46.2066,6.05783,68.4355,13.8,0,0,0,0,0,0,0,1
1028,4.3,21.9275,0.379533,68.8653,13.5890593,0,0,0,0,0,0,0,1
1029,4.3,83.0421,27.944,56.6052,13.9,0,0,0,0,0,0,0,1
1030,4.3,23.9345,0.875505,66.2084,13,0,0,0,0,0,0,0,1
1031,4.3,75.9538,17.1377,36.1745,14.1,0,0,0,0,0,0,0,1
1032,4.3,38.3682,7.52703,61.0766,13.8,0,0,0,0,0,0,0,1
1033,4.3,43.4097,41.56083119,70.9955,13.5890593,0,0,0,0,0,0,0,1
1034,4.3,85,27.447,39.4639,13.9,0,0,0,0,0,0,0,1
1035,4.3,46.3778,4.07963,65.9778,14,0,0,0,0,0,0,0,1
1036,4.2,30.4471,5.85628,72.6229,12.5,0,0,0,0,0,0,0,1
1037,4.2,32.3423,0.71934,78.8948,13.1,1,1,0,0,0,0,0,1
1038,4.2,58.8207,26.7433,52.0994,13.5,0,0,0,0,0,0,0,1
1039,4.2,31.0338,1.1216,78.7151,13,0,0,0,0,0,0,0,1
1040,4.2,67.6343,12.825,28.6139,13.5,0,0,0,0,0,0,0,1
1041,4.2,19.4724,41.56083119,77.7435,12,0,0,0,0,0,0,0,1
1042,4.2,60.9383,20.9774,54.8657,13.5,0,0,0,0,0,0,0,1
1043,4.2,55.9831,19.148,37.7299,14,1,1,0,0,0,0,0,1
1044,4.2,34.7786,8.38479,57.4446,13,0,0,0,0,0,0,0,1
1045,4.2,19.901,5.90446,85,12.5,0,0,0,0,0,0,0,1
1046,4.2,48.5193,21.653,67.2582,13.5890593,0,0,0,0,0,0,0,1
1047,4.2,21.8303,41.56083119,68.6125,13.5890593,0,0,0,0,0,0,0,1
1048,4.2,80.2165,34.0971,49.1872,13.5,0,0,0,0,0,0,0,1
1049,4.2,67.0307,24.7693,27.3431,13.5890593,0,0,0,0,0,0,0,1
1050,4.2,70.2803,13.9273,49.2229,13.5,0,0,0,0,0,0,0,1
1051,4.2,59.625,24.3448,52.548,13,0,0,0,0,0,0,0,1
1052,4.2,42.1334,8.35932,41.9434,13.5,0,0,0,0,0,0,0,1
1053,4.2,65.0282,24.5304,52.7763,14.5,0,0,0,0,0,0,0,1
1054,4.2,85,25.1786,39.5142,14.4,0,0,0,0,0,0,0,1
1055,4.2,64.7338,7.94951,34.4805,13.5,0,0,0,0,0,0,0,1
1056,4.2,84.8333,37.0995,47.2449,14,1,1,0,0,0,0,0,1
1057,4.2,23.7434,0.80191,67.4428,12.5,0,0,0,0,0,0,0,1
1058,4.2,85,24.2475,37.0479,14.5,0,0,0,0,0,0,0,1
1059,4.2,84.8267,34.7455,48.6613,14,0,0,0,0,0,0,0,1
1060,4.2,42.0885,9.95796,42.8382,12,0,0,0,0,0,0,0,1
1061,4.2,63.5644,44.3549,29.0779,12,0,0,0,0,0,0,0,1
1062,4.2,35.5504,3.15833,64.3179,13.5,0,0,0,0,0,0,0,1
1063,4.2,32.7081,1.5,77.7993,12.5,0,0,0,0,0,0,0,1
1064,4.2,83.5986,35.2033,47.1045,14.5,0,0,0,0,0,0,0,1
1065,4.2,21.3068,2.15127,68.3234,13,0,0,0,0,0,0,0,1
1066,4.2,77.1236,9.16499,54.2696,13.5890593,0,0,0,0,0,0,0,1
1067,4.2,20.2742,3.33865,67.9765,13.5890593,0,0,0,0,0,0,0,1
1068,4.2,62.9133,21.4192,35.6019,12.8,0,0,0,0,0,0,0,1
1069,4.2,42.7959,4.61466,66.5373,13.5890593,0,0,0,0,0,0,0,1
1070,4.2,37.6515,11.242,72.8697,12.5,0,0,0,0,0,0,0,1
1071,4.2,22.502,41.56083119,69.2726,14,0,0,0,0,0,0,0,1
1072,4.2,21.9823,2.174,68.7197,13,1,1,0,0,0,0,0,1
1073,4.2,43.1967,1.95908,66.9681,13,0,0,0,0,0,0,0,1
1074,4.2,58.4456,19.5942,39.6349,13.5,0,0,0,0,0,0,0,1
1075,4.2,62.8482,10.3558,36.791,13.5,0,0,0,0,0,0,0,1
1076,4.2,42.2852,41.56083119,41.545,12,0,0,0,0,0,0,0,1
1077,4.2,32.3165,28.2213,49.2398,13.5,0,0,0,0,0,0,0,1
1078,4.2,85,32.4684,42.3316,14.2,0,0,0,0,0,0,0,1
1079,4.2,58.0466,19.8448,49.2792,14,0,0,0,0,0,0,0,1
1080,4.2,62.311,15.4057,56.9055,12.9,0,1,0,0,0,0,0,1
1081,4.2,38.6767,2.32736,68.4731,13,0,0,0,0,0,0,0,1
1082,4.2,43.0967,1.00513,67.9902,13.5890593,0,0,0,0,0,0,0,1
1083,4.2,41.087,3.47147,67.0995,14.1,0,0,0,0,0,0,0,1
1084,4.2,78.9733,19.6297,43.6597,13,0,0,0,0,0,0,0,1
1085,4.2,85,32.4684,42.3316,14.2,0,0,0,0,0,0,0,1
1086,4.2,23.1525,1.8428,69.859,14.5,0,0,0,0,0,0,0,1
1087,4.2,23.0436,1.32191,67.8838,12.5,0,0,0,0,0,0,0,1
1088,4.2,84.6852,40.2876,45.5942,13.5890593,0,0,0,0,0,0,0,1
1089,4.2,80.2165,34.0971,49.1872,13.5,0,0,0,0,0,0,0,1
1090,4.2,56.4726,12.5518,44.0351,13.5890593,0,0,0,0,0,0,0,1
1091,4.2,84.8588,23.7234,40.5114,13.9,0,0,0,0,0,0,0,1
1092,4.2,85,23.9063,40.1531,13.5890593,0,0,0,0,0,0,0,1
1093,4.2,43.112,1.99951,67.4575,14,0,0,0,0,0,0,0,1
1094,4.2,42.464,7.6557,81.4191,12,0,0,0,0,0,0,0,1
1095,4.2,49.9785,1.13059,58.0126,13,0,0,0,0,0,0,0,1
1096,4.2,30.7433,41.56083119,85,13.5,0,0,0,0,0,0,0,1
1097,4.2,40.3514,2.58512,68.0851,13.5890593,0,0,0,0,0,0,0,1
1098,4.2,85,28.4548,34.7463,14.1,0,0,0,0,0,0,0,1
1099,4.2,43.2287,51.1496,60.6654,13.5890593,0,0,0,0,0,0,0,1
1100,4.2,42.5,8.73077,33.642,13.5890593,0,0,0,0,0,0,0,1
1101,4.2,22.5511,0.76612,70.1967,13,0,0,0,0,0,0,0,1
1102,4.2,82.5154,32.7505,47.5342,13.5,0,0,0,0,0,0,0,1
1103,4.2,21.5855,4.68908,64.409,13.5890593,0,0,0,0,0,0,0,1
1104,4.2,40.6405,36.872,80.4072,11.5,0,0,0,0,0,0,0,1
1105,4.2,30.6022,41.56083119,62.5973,13.5890593,0,0,0,0,0,0,0,1
1106,4.2,85,34.8804,42.7381,13.5,0,0,0,0,0,0,0,1
1107,4.2,67,22.0848,25.2423,13.5,0,0,0,0,0,0,0,1
1108,4.2,83.8725,31.8276,47.3174,14.1,0,0,0,0,0,0,0,1
1109,4.2,41.4211,41.56083119,67.3807,12.5,0,0,0,0,0,0,0,1
1110,4.2,42.0279,3.63194,66.9063,13.9,0,0,0,0,0,0,0,1
1111,4.2,82.3323,32.3464,46.6343,13.9,0,0,0,0,0,0,0,1
1112,4.2,42.1334,8.35932,41.9434,13.9,0,0,0,0,0,0,0,1
1113,4.2,83.4467,23.7327,38.2965,14.9,0,0,0,0,0,0,0,1
1114,4.2,85,25.044,37.728,13.5890593,0,0,0,0,0,0,0,1
1115,4.2,82.0828,19.9648,44.7105,14.2,0,0,0,0,0,0,0,1
1116,4.2,40.6228,12.0049,42.9667,13,0,0,0,0,0,0,0,1
1117,4.2,43.373,5.29405,69.2442,14.1,0,0,0,0,0,0,0,1
1118,4.2,42.7547,30.8816,84.3307,8,0,0,0,0,0,0,0,1
1119,4.2,38.664,41.56083119,63.8372,13.5890593,0,0,0,0,0,0,0,1
1120,4.2,81.4976,37.4673,44.2237,14.1,0,0,0,0,0,0,0,1
1121,4.2,59.5518,41.56083119,55.8523,13.5890593,0,0,0,0,0,0,0,1
1122,4.2,42.9772,12.3817,33.2334,13.2,0,0,0,0,0,0,0,1
1123,4.2,67,22.0848,25.2423,13.5,0,0,0,0,0,0,0,1
1124,4.2,85,29.702,37.6904,14.2,0,0,0,0,0,0,0,1
1125,4.2,84.816,31.9644,46.784,14.5,0,0,0,0,0,0,0,1
1126,4.2,85,28.3827,38.5119,14.2,0,0,0,0,0,0,0,1
1127,4.2,59.1532,20.3804,43.9951,14,0,0,0,0,0,0,0,1
1128,4.2,55.7561,2.79004,50.2391,12,0,0,0,0,0,0,0,1
1129,4.2,37.362,14.0505,73.5671,13.5890593,0,0,0,0,0,0,0,1
1130,4.2,85,33.1957,53.1708,13.5890593,0,0,0,0,0,0,0,1
1131,4.2,83.7856,26.6301,33.6352,14.3,0,0,0,0,0,0,0,1
1132,4.2,35.9674,0.221013,44.817,13.5890593,0,0,0,0,0,0,0,1
1133,4.2,84.1555,38.0838,40.3537,14.5,0,0,0,0,0,0,0,1
1134,4.2,43.2649,25.5284,82.4377,9.5,0,0,0,0,0,0,0,1
1135,4.2,59.526,3.41573,49.4396,12.5,0,0,0,0,0,0,0,1
1136,4.2,35.3516,31.4135,80.9914,13.5890593,0,0,0,0,0,0,0,1
1137,4.2,85,32.6082,49.577,13.8,0,0,0,0,0,0,0,1
1138,4.2,52.1178,41.56083119,57.0084,13.5890593,0,0,0,0,0,0,0,1
1139,4.2,53.5,3.0983,53.0415,13.5,0,0,0,0,0,0,0,1
1140,4.2,43.1408,11.1119,42.3414,13.5890593,0,0,0,0,0,0,0,1
1141,4.2,66.8257,41.56083119,54.6759,12,0,0,0,0,0,0,0,1
1142,4.2,67.3529,7.59,42.6476,13.5890593,0,0,0,0,0,0,0,1
1143,4.2,42.5308,32.2902,80.8715,13.5890593,0,0,0,0,0,0,0,1
1144,4.2,56.303,15.2713,53.4984,13.5,0,0,0,0,0,0,0,1
1145,4.2,39.9044,0.196643,70.6124,13.5890593,0,0,0,0,0,0,0,1
1146,4.2,41.8218,41.56083119,59.0605,13,0,0,0,0,0,0,0,1
1147,4.2,42.9379,22.6479,85,9.5,0,0,0,0,0,0,0,1
1148,4.2,85,28.1657,56.135,14.1,0,0,0,0,0,0,0,1
1149,4.2,42.5,5.84158,39.1634,13.5890593,0,0,0,0,0,0,0,1
1150,4.2,32.7081,1.5,77.7993,13,0,0,0,0,0,0,0,1
1151,4.2,19.7844,41.56083119,68.0305,12.5,0,0,0,0,0,0,0,1
1152,4.2,67.4483,25.9181,31.0101,13.5890593,0,0,0,0,0,0,0,1
1153,4.1,52.694,11.8187,32.357,13.5,0,0,0,0,0,0,0,1
1154,4.1,23.7434,0.80191,67.4428,12.5,0,0,0,0,0,0,0,1
1155,4.1,32.9429,2.49262,77.4282,13,1,1,0,0,0,0,0,1
1156,4.1,65.9444,27.5737,33.4222,11.7,0,0,0,0,0,0,0,1
1157,4.1,48.8701,10.1428,30.5333,13,0,0,0,0,0,0,0,1
1158,4.1,82.7293,37.8,43.3854,14,0,0,0,0,0,0,0,1
1159,4.1,31.9106,2.26443,77.4301,13.5,0,0,0,0,0,0,0,1
1160,4.1,23.5708,2.8515,66.1186,13,0,0,0,0,0,0,0,1
1161,4.1,62.4934,2.32692,51.7988,13,0,0,0,0,0,0,0,1
1162,4.1,53.3726,15.5811,37.0745,13.5,0,0,0,0,0,0,0,1
1163,4.1,61.0709,26.959,50.8035,13.5890593,0,0,0,0,0,0,0,1
1164,4.1,81.4153,31.307,50.7666,13.5890593,0,0,0,0,0,0,0,1
1165,4.1,31.9408,1.7275,78.4065,13.5,0,0,0,0,0,0,0,1
1166,4.1,30.4133,1.64307,78.7389,13,0,0,0,0,0,0,0,1
1167,4.1,42.0274,25.186,64.1581,12,1,1,0,0,0,0,0,1
1168,4.1,32.1335,2.86588,58.1996,13,0,0,0,0,0,0,0,1
1169,4.1,85,23.04,43.1266,13.5,0,0,0,0,0,0,0,1
1170,4.1,63.1102,42.4868,51.7551,13,0,0,0,0,0,0,0,1
1171,4.1,60.2374,21.1958,52.6892,13.5,0,0,0,0,0,0,0,1
1172,4.1,84.8871,28.2062,37.0855,14.5,0,0,0,0,0,0,0,1
1173,4.1,20.8827,0.115282,68.069,14,0,0,0,0,0,0,0,1
1174,4.1,22.5174,2.27238,67.7746,12.5,0,0,0,0,0,0,0,1
1175,4.1,63.7755,17.5541,53.8452,14.5,0,0,0,0,0,0,0,1
1176,4.1,19.5415,2.07097,69.1332,13.5,0,0,0,0,0,0,0,1
1177,4.1,18.198,41.56083119,67.4482,13,0,0,0,0,0,0,0,1
1178,4.1,23.2812,3.74656,66.5738,13,0,0,0,0,0,0,0,1
1179,4.1,44.1369,3.50876,69.258,14.2,0,0,0,0,0,0,0,1
1180,4.1,20.5188,0.122425,68.9347,13,0,0,0,0,0,0,0,1
1181,4.1,42.4945,0.507358,40.5121,13,1,1,0,0,0,0,0,1
1182,4.1,41.8237,1.63372,66.5728,13.5,0,0,0,0,0,0,0,1
1183,4.1,84.2751,31.9661,52.4971,13.7,0,0,0,0,0,0,0,1
1184,4.1,42.0885,9.95796,42.8382,12.5,0,0,0,0,0,0,0,1
1185,4.1,39.1634,41.56083119,38.9394,13.5890593,0,0,0,0,0,0,0,1
1186,4.1,32.3084,0.223897,78.6334,13,0,0,0,0,0,0,0,1
1187,4.1,32.5036,1.83016,78.4784,13,1,1,0,0,0,0,0,1
1188,4.1,23.5485,4.32332,67.76,13,0,0,0,0,0,0,0,1
1189,4.1,22.7762,0.40958,67.7482,13.5,0,0,0,0,0,0,0,1
1190,4.1,84.2751,31.9661,52.4971,13.7,0,0,0,0,0,0,0,1
1191,4.1,61.9722,22.5086,50.7503,13,0,0,0,0,0,0,0,1
1192,4.1,53.0346,23.0611,15.2066,13,0,0,0,0,0,0,0,1
1193,4.1,33.7956,7.60887,74.4839,13,0,0,0,0,0,0,0,1
1194,4.1,41.5272,2.05618,68.8249,13.5,0,0,0,0,0,0,0,1
1195,4.1,64.5669,14.7026,55.1937,13.5,0,0,0,0,0,0,0,1
1196,4.1,21.3068,2.15127,68.3234,14,0,0,0,0,0,0,0,1
1197,4.1,80.9711,22.4989,38.6448,14,0,0,0,0,0,0,0,1
1198,4.1,57.7682,24.4626,50.9631,13,0,0,0,0,0,0,0,1
1199,4.1,43.1967,1.95908,66.9681,13.5890593,0,0,0,0,0,0,0,1
1200,4.1,23.5055,6.68055,67.0291,13.5,0,0,0,0,0,0,0,1
1201,4.1,61.8931,16.1706,54.9472,13.7,1,1,0,0,0,0,0,1
1202,4.1,32.0013,0.675587,67.4268,13.3,0,0,0,0,0,0,0,1
1203,4.1,45.6489,21.4683,66.4351,13.5,0,0,0,0,0,0,0,1
1204,4.1,22.671,1.54163,68.3987,14,0,0,0,0,0,0,0,1
1205,4.1,41.4345,41.56083119,68.8287,13,0,0,0,0,0,0,0,1
1206,4.1,42.2696,0.67453,68.7,13.8,0,0,0,0,0,0,0,1
1207,4.1,52.6676,21.7581,26.3518,14,0,0,0,0,0,0,0,1
1208,4.1,64.9848,8.36746,45.5443,13.5890593,0,0,0,0,0,0,0,1
1209,4.1,44.1369,3.50876,69.258,14.2,0,0,0,0,0,0,0,1
1210,4.1,84.8267,34.7455,48.6613,14.5,0,0,0,0,0,0,0,1
1211,4.1,38.1605,22.7407,69.2016,12.5,0,0,0,0,0,0,0,1
1212,4.1,44.2355,11.9949,42.5832,13,0,0,0,0,0,0,0,1
1213,4.1,20.6329,41.56083119,68.2946,13.5890593,0,0,0,0,0,0,0,1
1214,4.1,41.3474,1.28339,69.6559,12,0,0,0,0,0,0,0,1
1215,4.1,85,26.843,38.5697,14.1,0,0,0,0,0,0,0,1
1216,4.1,85,37.2249,47.9963,14.5,0,0,0,0,0,0,0,1
1217,4.1,59.3621,5.26368,35.2572,13.5890593,0,0,0,0,0,0,0,1
1218,4.1,47.9346,10.9919,80.2366,12,0,0,0,0,0,0,0,1
1219,4.1,82.7115,36.679,46.3062,14.8,0,0,0,0,0,0,0,1
1220,4.1,47.9346,10.9919,80.2366,12,0,0,0,0,0,0,0,1
1221,4.1,38.7253,3.67345,84.6676,11,0,0,0,0,0,0,0,1
1222,4.1,59.7756,21.2248,52.4576,13,0,0,0,0,0,0,0,1
1223,4.1,40.6208,5.00589,37.7824,13.5890593,0,0,0,0,0,0,0,1
1224,4.1,84.6817,37.1824,46.5232,14.1,0,0,0,0,0,0,0,1
1225,4.1,20.0096,41.56083119,69.2414,12.5,0,0,0,0,0,0,0,1
1226,4.1,83.0421,27.944,56.6052,13.5,0,0,0,0,0,0,0,1
1227,4.1,32.5738,1.66579,78.2907,13.5,0,0,0,0,0,0,0,1
1228,4.1,49.2245,3.16001,67.0347,14.1,0,0,0,0,0,0,0,1
1229,4.1,43.9041,2.33555,67.7748,13.5890593,0,0,0,0,0,0,0,1
1230,4.1,51.8807,4.71584,57.7975,14,0,0,0,0,0,0,0,1
1231,4.1,32.7564,2.14141,79.1348,13,0,0,0,0,0,0,0,1
1232,4.1,20.6252,41.56083119,69.7918,14.5,0,0,0,0,0,0,0,1
1233,4.1,35.3792,5.66874,74.3983,13,0,0,0,0,0,0,0,1
1234,4.1,20.5972,4.78631,68.0126,13,0,0,0,0,0,0,0,1
1235,4.1,41.9193,0.717228,41.6025,13,1,1,0,0,0,0,0,1
1236,4.1,20.7573,23.1461,51.6386,14.2,0,0,0,0,0,0,0,1
1237,4.1,76.8466,10.1742,54.7208,13.5890593,0,0,0,0,0,0,0,1
1238,4.1,59.3746,6.27193,32.964,13.5890593,0,0,0,0,0,0,0,1
1239,4.1,82.9934,33.2787,48.9088,13.9,0,0,0,0,0,0,0,1
1240,4.1,82.5154,32.7505,47.5342,13.5,0,0,0,0,0,0,0,1
1241,4.1,62.7499,15.956,59.503,13,0,0,0,0,0,0,0,1
1242,4.1,26.4322,1.59416,83.3687,13.5890593,0,0,0,0,0,0,0,1
1243,4.1,64.6779,18.1092,54.8707,13.5890593,0,0,0,0,0,0,0,1
1244,4.1,54.8051,3.23584,38.0497,14,0,0,0,0,0,0,0,1
1245,4.1,39.133,4.3045,66.7872,13.5,0,0,0,0,0,0,0,1
1246,4.1,45.8722,13.703,37.5023,13.5890593,0,0,0,0,0,0,0,1
1247,4.1,85,25.9945,41.16,14,0,0,0,0,0,0,0,1
1248,4.1,33.2409,7.1116,73.3958,13,0,0,0,0,0,0,0,1
1249,4.1,82.2843,20.1057,38.8676,14.5,0,0,0,0,0,0,0,1
1250,4.1,54.4842,32.5167,14.9466,14.1,0,0,0,0,0,0,0,1
1251,4.1,41.8404,10.5625,42.4317,12.5,0,0,0,0,0,0,0,1
1252,4.1,43.8874,4.8865,66.6801,13.5,0,0,0,0,0,0,0,1
1253,4.1,45.8722,13.703,37.5023,13.5,0,0,0,0,0,0,0,1
1254,4.1,84.9374,38.8318,44.9725,14.9,0,0,0,0,0,0,0,1
1255,4.1,39.6434,25.5053,85,8.5,0,0,0,0,0,0,0,1
1256,4.1,28.9592,1.94522,67.758,13.5890593,0,0,0,0,0,0,0,1
1257,4.1,21.8293,21.175,57.3775,13,0,0,0,0,0,0,0,1
1258,4.1,85,25.6275,34.5341,14.5,0,0,0,0,0,0,0,1
1259,4.1,30.1353,0.539442,77.0614,13.5,0,0,0,0,0,0,0,1
1260,4.1,41.3215,13.2265,85,13.5890593,0,0,0,0,0,0,0,1
1261,4.1,38.9518,41.56083119,65.6759,13.5890593,0,0,0,0,0,0,0,1
1262,4.1,83.5424,32.4773,52.0394,13.5890593,0,0,0,0,0,0,0,1
1263,4.1,42.5,41.56083119,68.6056,12.4,0,0,0,0,0,0,0,1
1264,4.1,30.0865,0.578485,77.4385,12.5,0,0,0,0,0,0,0,1
1265,4.1,22.0814,3.4393,76.4433,13.5890593,0,0,0,0,0,0,0,1
1266,4.1,44.2982,13.8443,41.717,13.5890593,0,0,0,0,0,0,0,1
1267,4.1,57.8462,25.272,63.925,13.5890593,0,0,0,0,0,0,0,1
1268,4.1,54.0712,14.0826,50.9034,13.5,0,0,0,0,0,0,0,1
1269,4.1,30.7727,41.56083119,78.7521,12.5,0,0,0,0,0,0,0,1
1270,4.1,34.5623,4.2526,73.1519,13.5,1,1,0,0,0,0,0,1
1271,4.1,42.9607,41.56083119,69.2862,14.1,0,0,0,0,0,0,0,1
1272,4.1,46.8023,9.40833,42.9295,13.5,0,0,0,0,0,0,0,1
1273,4.1,30.4133,1.64307,78.7389,13,0,0,0,0,0,0,0,1
1274,4.1,73.6081,21.7401,55.3989,13.2,0,0,0,0,0,0,0,1
1275,4.1,82.2843,20.1057,38.8676,14.5,0,0,0,0,0,0,0,1
1276,4.1,39.6603,41.56083119,46.7215,13.5890593,0,0,0,0,0,0,0,1
1277,4.1,47.7309,3.45656,60.5053,13.8,0,0,0,0,0,0,0,1
1278,4.1,60.2077,6.04645,41.7329,13,0,0,0,0,0,0,0,1
1279,4.1,38.749,4.12525,85,12.5,0,0,0,0,0,0,0,1
1280,4.1,55.397,8.16877,56.7552,14,0,0,0,0,0,0,0,1
1281,4.1,6.67773,4.40622,80.3361,12,0,0,0,0,0,0,0,1
1282,4.1,33.277,2.92884,76.4674,13.6,0,0,0,0,0,0,0,1
1283,4.1,65.438,6.52509,31.4156,13.5890593,0,0,0,0,0,0,0,1
1284,4.1,85,24.4116,46.279,13.5890593,0,0,0,0,0,0,0,1
1285,4.1,41.8754,8.43163,68.2482,13.4,0,0,0,0,0,0,0,1
1286,4.1,32.5056,41.56083119,79.9803,12.5,0,0,0,0,0,0,0,1
1287,4.1,43.8637,27.4194,85,13.5890593,0,0,0,0,0,0,0,1
1288,4.1,55.8886,9.62356,54.086,13.5890593,0,0,0,0,0,0,0,1
1289,4.1,41.6479,2.39344,37.9537,14,0,0,0,0,0,0,0,1
1290,4.1,43.1795,0.922543,67.6422,13.5890593,0,0,0,0,0,0,0,1
1291,4.1,32.0753,1.78675,77.8077,13.5890593,0,0,0,0,0,0,0,1
1292,4.1,20.4813,41.56083119,69.2708,13.5,0,0,0,0,0,0,0,1
1293,4.1,23.7017,41.56083119,66.7128,13.5890593,0,0,0,0,0,0,0,1
1294,4.1,43.9263,41.56083119,69.0893,13.6,0,0,0,0,0,0,0,1
1295,4.1,38.0831,30.9084,83.3052,13.5890593,0,0,0,0,0,0,0,1
1296,4.1,23.5718,37.4907,54.1297,13.5890593,0,0,0,0,0,0,0,1
1297,4.1,42.2852,41.56083119,41.545,12,0,0,0,0,0,0,0,1
1298,4.1,42.8947,41.56083119,62.0053,13.5890593,0,0,0,0,0,0,0,1
1299,4.1,64.8151,13.0078,43.341,13.5890593,0,0,0,0,0,0,0,1
1300,4.1,83.4587,31.451,46.4526,14.2,0,0,0,0,0,0,0,1
1301,4.1,19.9735,4.58096,85,12.5,0,0,0,0,0,0,0,1
1302,4.1,46.3315,6.01857,66.2773,15.3,0,0,0,0,0,0,0,1
1303,4.1,85,22.5559,43.4635,13.2,0,0,0,0,0,0,0,1
1304,4.1,53.5,3.0983,53.0415,13.6,0,0,0,0,0,0,0,1
1305,4.1,66.2709,14.2721,61.3674,14.5,0,0,0,0,0,0,0,1
1306,4.1,46.2951,5.22824,45.862,13.5890593,0,0,0,0,0,0,0,1
1307,4.1,32.368,41.56083119,69.3873,13.5890593,0,0,0,0,0,0,0,1
1308,4.1,41.3144,7.41237,25.4072,13.5890593,0,0,0,0,0,0,0,1
1309,4.1,66.3909,32.5875,21.694,13.5,0,0,0,0,0,0,0,1
1310,4.1,20.5972,4.78631,68.0126,13.5890593,0,0,0,0,0,0,0,1
1311,4.1,65.9444,27.5737,33.4222,12,0,0,0,0,0,0,0,1
